length,ListingPrice,Year,Bea,Displacement,S.A./Disp.,FuelCapacity,Water,RiggingType,DWL
41.0,267233.0,2005.0,4.32,10500.0,14.97,240.0,600.0,1.0,18.4
56.0,461603.0,2005.0,5.2,18600.0,18.98,480.0,1000.0,10.0,24.28
46.0,270000.0,2005.0,3.9,12500.0,16.3,340.0,800.0,11.0,17.83
40.0,195000.0,2005.0,3.63,7560.0,20.08,189.0,162.0,15.0,19.0
49.0,335000.0,2005.0,4.5,13000.0,17.15,240.0,620.0,13.0,19.48
49.0,255000.0,2005.0,4.49,11900.0,17.28,240.0,700.0,1.0,19.5
44.0,351047.0,2005.0,3.91,13000.0,17.59,400.0,400.0,21.0,18.21
46.0,393128.0,2005.0,4.33,16000.0,15.97,440.0,530.0,1.0,19.85
48.0,479000.0,2005.0,4.42,14970.0,16.8,400.0,750.0,19.0,22.3
53.0,399651.0,2005.0,4.75,18000.0,17.1,700.0,1000.0,22.0,22.25
40.0,200476.0,2005.0,3.81,8280.0,18.7,200.0,340.0,16.0,17.98
50.0,334042.0,2005.0,4.63,14000.0,21.09,400.0,600.0,2.0,24.5
44.0,358287.0,2006.0,4.1,14000.0,16.27,480.0,680.0,19.0,17.8
39.0,59520.0,2006.0,3.97,8300.0,16.36,210.0,360.0,3.0,17.75
47.0,299000.0,2006.0,4.31,12000.0,16.8,237.0,1000.0,8.0,17.9
53.0,361980.0,2006.0,4.88,15500.0,15.09,450.0,1000.0,6.0,23.37
46.0,349000.0,2006.0,3.9,12500.0,16.3,340.0,800.0,11.0,17.83
52.0,533252.0,2006.0,4.75,18597.0,14.74,757.0,1213.0,19.0,20.73
40.0,189000.0,2006.0,3.63,7560.0,20.08,189.0,162.0,15.0,19.0
49.0,278165.0,2006.0,4.5,13000.0,17.15,240.0,620.0,13.0,19.48
49.0,279900.0,2006.0,4.49,11900.0,17.28,240.0,700.0,1.0,19.5
44.0,413104.0,2006.0,4.2,14200.0,16.49,500.0,600.0,19.0,18.6
47.0,489000.0,2006.0,4.5,15000.0,15.5,700.0,900.0,11.0,19.5
51.0,635000.0,2006.0,4.5,16000.0,14.88,800.0,900.0,19.0,19.5
40.0,180990.0,2006.0,3.81,7900.0,19.5,200.0,320.0,12.0,18.8
40.0,212572.0,2006.0,3.81,7900.0,19.5,200.0,320.0,12.0,18.8
50.0,425144.0,2006.0,4.63,14000.0,21.09,400.0,600.0,2.0,24.5
50.0,358209.0,2006.0,4.57,15000.0,21.44,400.0,900.0,1.0,22.2
50.0,388703.0,2006.0,4.63,14000.0,21.09,400.0,600.0,2.0,24.5
49.0,299900.0,2007.0,4.47,12695.0,21.5,400.0,570.0,4.0,20.0
46.0,274000.0,2007.0,3.9,12500.0,16.3,340.0,800.0,11.0,17.83
48.0,339950.0,2007.0,4.47,14780.0,16.2,725.0,900.0,19.0,18.59
48.0,389900.0,2007.0,4.29,16300.0,15.52,675.0,1300.0,6.0,19.15
43.0,224719.0,2007.0,4.2,9400.0,20.6,220.0,360.0,16.0,20.14
55.0,473751.0,2007.0,4.91,21500.0,18.26,500.0,695.0,13.0,28.17
55.0,473732.0,2007.0,4.91,21500.0,18.26,500.0,695.0,13.0,28.17
52.0,447000.0,2007.0,4.75,18597.0,14.74,757.0,1213.0,19.0,20.73
40.0,191363.0,2007.0,3.63,7560.0,20.08,189.0,162.0,15.0,19.0
40.0,425144.0,2007.0,3.86,10000.0,16.52,230.0,375.0,15.0,17.7
46.0,546613.0,2007.0,4.14,14500.0,17.69,220.0,397.0,2.0,19.0
53.0,646174.0,2007.0,4.88,22680.0,15.34,900.0,950.0,9.0,21.7
42.0,206498.0,2007.0,4.07,8400.0,20.8,240.0,420.0,4.0,19.85
42.0,205284.0,2007.0,4.07,8400.0,20.8,240.0,420.0,4.0,19.85
53.0,388703.0,2007.0,4.73,13000.0,19.0,400.0,900.0,12.0,22.5
52.0,425161.0,2007.0,4.5,14000.0,16.8,280.0,600.0,32.0,22.3
52.0,425144.0,2007.0,4.5,14000.0,16.8,280.0,600.0,32.0,22.3
40.0,184634.0,2007.0,3.81,7900.0,19.5,200.0,320.0,12.0,18.8
40.0,182204.0,2007.0,3.81,7900.0,19.5,200.0,320.0,12.0,18.8
40.0,180990.0,2007.0,3.81,7900.0,19.5,200.0,320.0,12.0,18.8
41.0,224776.0,2007.0,3.95,8560.0,20.0,200.0,340.0,16.0,19.42
41.0,206470.0,2007.0,3.95,8560.0,20.0,200.0,340.0,16.0,19.42
55.0,570907.0,2007.0,4.97,18500.0,20.0,500.0,608.0,4.0,28.2
43.0,188278.0,2008.0,4.12,8600.0,16.31,200.0,360.0,1.0,17.4
49.0,302472.0,2008.0,4.47,12695.0,21.5,400.0,570.0,4.0,20.0
49.0,298827.0,2008.0,4.47,12695.0,21.5,400.0,570.0,4.0,20.0
49.0,309760.0,2008.0,4.47,12695.0,21.5,400.0,570.0,4.0,20.0
49.0,297613.0,2008.0,4.47,12400.0,21.1,400.0,630.0,3.0,22.3
53.0,425144.0,2008.0,4.88,15500.0,15.09,450.0,1000.0,6.0,23.37
43.0,239295.0,2008.0,4.2,9400.0,20.6,220.0,360.0,16.0,20.14
43.0,224719.0,2008.0,4.2,9400.0,20.6,220.0,360.0,16.0,20.14
49.0,330000.0,2008.0,4.57,15000.0,15.46,757.0,757.0,30.0,17.98
40.0,212572.0,2008.0,3.63,7560.0,20.08,189.0,162.0,15.0,19.0
40.0,206498.0,2008.0,3.63,7560.0,20.08,189.0,162.0,15.0,19.0
40.0,204121.0,2008.0,3.63,7560.0,20.08,189.0,162.0,15.0,19.0
42.0,495000.0,2008.0,3.94,10432.0,19.4,130.0,300.0,25.0,17.68
54.0,792729.0,2008.0,4.57,21500.0,15.1,1200.0,960.0,19.0,22.58
47.0,524500.0,2008.0,4.57,17010.0,16.9,605.0,1200.0,11.0,19.3
53.0,382629.0,2008.0,4.73,13000.0,19.0,400.0,900.0,12.0,22.5
53.0,364424.0,2008.0,4.73,13000.0,19.0,400.0,900.0,12.0,22.5
53.0,297601.0,2008.0,4.73,13000.0,19.0,400.0,900.0,12.0,22.5
54.0,727025.0,2008.0,4.62,20000.0,17.27,500.0,500.0,21.0,22.32
40.0,212383.0,2008.0,4.05,8900.0,19.4,200.0,480.0,23.0,17.4
41.0,218645.0,2008.0,3.5,7800.0,24.0,200.0,340.0,4.0,19.95
50.0,419070.0,2008.0,4.6,15000.0,23.08,300.0,600.0,1.0,22.0
39.0,151876.0,2009.0,3.85,5900.0,26.3,150.0,200.0,28.0,17.7
39.0,151816.0,2009.0,3.85,5900.0,26.3,150.0,200.0,28.0,17.7
40.0,182204.0,2009.0,3.89,7900.0,20.2,130.0,330.0,25.0,18.9
40.0,182204.0,2009.0,3.89,7750.0,21.1,130.0,360.0,25.0,19.18
47.0,229000.0,2009.0,4.25,10300.0,16.45,200.0,530.0,3.0,18.17
49.0,285465.0,2009.0,4.47,12695.0,21.5,400.0,570.0,4.0,20.0
38.0,207466.0,2009.0,3.68,5800.0,20.29,200.0,300.0,1.0,19.3
38.0,165000.0,2009.0,3.66,6325.0,22.2,83.0,189.0,16.0,17.22
52.0,564834.0,2009.0,4.75,18597.0,14.74,757.0,1213.0,19.0,20.73
44.0,484664.0,2009.0,4.1,16500.0,15.51,900.0,700.0,27.0,18.5
38.0,363209.0,2009.0,3.75,9300.0,16.79,250.0,480.0,19.0,17.6
54.0,692805.0,2009.0,4.57,21500.0,15.1,1200.0,960.0,19.0,22.58
47.0,495000.0,2009.0,4.57,17010.0,16.9,605.0,1200.0,11.0,19.3
48.0,388650.0,2009.0,4.5,12300.0,22.43,280.0,550.0,2.0,23.4
42.0,423539.0,2009.0,4.11,10900.0,20.98,200.0,330.0,3.0,19.7
43.0,189000.0,2010.0,4.12,8600.0,16.31,200.0,360.0,1.0,17.4
40.0,190707.0,2010.0,3.89,7750.0,20.01,200.0,380.0,1.0,17.45
49.0,546613.0,2010.0,4.57,14100.0,17.87,300.0,700.0,17.0,22.1
48.0,450000.0,2010.0,4.57,15000.0,15.46,757.0,757.0,30.0,17.98
45.0,239849.0,2010.0,4.37,9900.0,17.7,200.0,400.0,4.0,19.2
45.0,249000.0,2010.0,4.37,11500.0,17.39,240.0,610.0,10.0,18.06
49.0,334042.0,2010.0,4.49,13920.0,16.21,240.0,615.0,1.0,19.0
45.0,394776.0,2010.0,4.74,16100.0,15.2,440.0,600.0,25.0,21.6
54.0,615000.0,2010.0,4.57,21500.0,15.1,1200.0,960.0,19.0,22.58
44.0,400850.0,2010.0,4.18,10300.0,23.4,280.0,400.0,4.0,21.8
54.0,479805.0,2010.0,4.38,14500.0,23.16,350.0,600.0,1.0,22.14
42.0,419070.0,2010.0,4.11,10900.0,20.98,200.0,330.0,3.0,19.7
50.0,425086.0,2010.0,4.63,14000.0,21.09,400.0,600.0,2.0,24.5
40.0,179775.0,2011.0,3.89,7750.0,21.1,130.0,360.0,25.0,19.18
40.0,201732.0,2011.0,3.89,7750.0,21.1,130.0,360.0,25.0,19.18
47.0,219000.0,2011.0,4.25,10300.0,16.45,200.0,530.0,3.0,18.17
49.0,309582.0,2011.0,4.82,13880.0,15.0,400.0,980.0,24.0,18.25
44.0,236926.0,2011.0,4.35,10500.0,16.32,250.0,530.0,1.0,19.8
45.0,229578.0,2011.0,4.3,10400.0,18.22,250.0,450.0,1.0,21.4
55.0,498045.0,2011.0,5.05,19500.0,17.15,450.0,600.0,2.0,26.6
55.0,498026.0,2011.0,4.91,21500.0,18.26,500.0,695.0,13.0,28.17
43.0,287721.0,2011.0,3.63,7560.0,20.08,189.0,162.0,15.0,19.0
45.0,245000.0,2011.0,4.37,11500.0,17.39,240.0,610.0,10.0,18.06
42.0,497000.0,2011.0,3.94,10432.0,19.4,130.0,300.0,25.0,17.68
54.0,839360.0,2011.0,4.57,21500.0,15.1,1200.0,960.0,19.0,22.58
46.0,509000.0,2011.0,4.14,13854.0,17.21,303.0,568.0,1.0,19.81
48.0,303674.0,2011.0,4.6,12000.0,22.17,280.0,780.0,3.0,22.6
50.0,479805.0,2011.0,4.18,9900.0,23.81,300.0,400.0,1.0,23.0
50.0,467658.0,2011.0,4.18,9900.0,23.81,300.0,400.0,1.0,23.0
50.0,570907.0,2011.0,4.66,16700.0,17.6,460.0,680.0,16.0,22.97
50.0,631642.0,2011.0,4.66,16700.0,17.6,460.0,680.0,16.0,22.97
40.0,199500.0,2012.0,4.2,8320.0,17.23,200.0,570.0,12.0,16.3
43.0,219000.0,2012.0,4.43,9900.0,16.55,200.0,520.0,3.0,19.2
46.0,321895.0,2012.0,4.43,11030.0,16.53,200.0,570.0,2.0,19.7
49.0,399650.0,2012.0,4.86,14200.0,18.44,600.0,970.0,3.0,22.14
49.0,375000.0,2012.0,4.86,14200.0,18.44,600.0,970.0,3.0,22.14
49.0,423929.0,2012.0,4.86,14200.0,18.44,600.0,970.0,3.0,22.14
49.0,326753.0,2012.0,4.86,14200.0,18.44,600.0,970.0,3.0,22.14
49.0,326709.0,2012.0,4.86,14200.0,18.44,600.0,970.0,3.0,22.14
40.0,267331.0,2012.0,3.8,7800.0,19.6,210.0,360.0,16.0,17.8
49.0,448223.0,2012.0,4.57,14100.0,17.87,300.0,700.0,17.0,22.1
49.0,445794.0,2012.0,4.57,14100.0,17.87,300.0,700.0,17.0,22.1
49.0,393034.0,2012.0,4.57,14100.0,17.87,300.0,700.0,17.0,22.1
40.0,189000.0,2012.0,3.99,7700.0,17.4,200.0,330.0,12.0,16.2
40.0,179937.0,2012.0,3.99,7700.0,17.4,200.0,330.0,12.0,16.2
40.0,179900.0,2012.0,3.99,7700.0,17.4,200.0,330.0,12.0,16.2
41.0,219000.0,2012.0,3.98,8900.0,18.14,200.0,330.0,2.0,17.6
42.0,195000.0,2012.0,4.11,8900.0,17.3,200.0,410.0,13.0,16.92
43.0,236866.0,2012.0,4.24,10800.0,18.19,200.0,530.0,10.0,19.05
44.0,235000.0,2012.0,4.42,9900.0,17.1,200.0,400.0,24.0,16.8
44.0,249000.0,2012.0,4.42,9900.0,17.1,200.0,400.0,24.0,16.8
44.0,251808.0,2012.0,4.42,9900.0,17.1,200.0,400.0,24.0,16.8
46.0,241725.0,2012.0,4.49,10800.0,18.1,240.0,615.0,8.0,19.2
50.0,349000.0,2012.0,4.69,13200.0,16.05,240.0,615.0,10.0,22.15
50.0,352351.0,2012.0,4.69,13935.0,19.61,240.0,640.0,1.0,21.55
50.0,352276.0,2012.0,4.69,13200.0,16.05,240.0,615.0,10.0,22.15
38.0,279391.0,2012.0,3.62,7900.0,27.94,200.0,300.0,1.0,19.99
44.0,475000.0,2012.0,4.16,9700.0,25.2,200.0,340.0,14.0,20.3
44.0,498026.0,2012.0,4.16,9700.0,25.2,200.0,340.0,14.0,20.3
50.0,716700.0,2012.0,4.5,14000.0,24.5,330.0,400.0,2.0,26.27
50.0,716671.0,2012.0,4.5,14000.0,24.5,330.0,400.0,2.0,26.27
50.0,607373.0,2012.0,4.5,14000.0,24.5,330.0,400.0,2.0,26.27
50.0,546635.0,2012.0,4.66,16700.0,17.6,460.0,680.0,16.0,22.97
40.0,220000.0,2013.0,4.2,8820.0,17.2,200.0,570.0,22.0,15.1
40.0,219500.0,2013.0,4.2,8320.0,17.23,200.0,570.0,12.0,16.3
40.0,210000.0,2013.0,4.2,8320.0,17.23,200.0,570.0,12.0,16.3
40.0,229000.0,2013.0,4.2,8320.0,17.23,200.0,570.0,12.0,16.3
40.0,219000.0,2013.0,4.2,8320.0,17.23,200.0,570.0,12.0,16.3
45.0,291527.0,2013.0,4.49,10812.0,17.42,200.0,330.0,13.0,19.13
45.0,249000.0,2013.0,4.49,10812.0,17.42,200.0,330.0,13.0,19.13
48.0,359500.0,2013.0,4.74,12600.0,17.01,200.0,690.0,3.0,19.7
49.0,346988.0,2013.0,4.86,14200.0,18.44,600.0,970.0,3.0,22.14
49.0,321895.0,2013.0,4.86,14200.0,18.44,600.0,970.0,3.0,22.14
54.0,479805.0,2013.0,4.9,16800.0,14.64,475.0,970.0,3.0,22.1
55.0,460370.0,2013.0,4.98,16200.0,17.1,400.0,694.0,16.0,24.98
40.0,220000.0,2013.0,4.2,8900.0,20.4,200.0,380.0,29.0,17.7
40.0,179000.0,2013.0,3.89,7750.0,20.01,200.0,380.0,1.0,17.45
44.0,240477.0,2013.0,4.35,10500.0,16.32,250.0,530.0,1.0,19.8
49.0,358466.0,2013.0,4.77,13905.0,16.6,500.0,720.0,1.0,22.11
50.0,340000.0,2013.0,4.78,14500.0,16.06,757.0,757.0,2.0,20.73
40.0,184900.0,2013.0,3.99,7700.0,17.4,200.0,330.0,12.0,16.2
44.0,229000.0,2013.0,4.42,9900.0,17.1,200.0,400.0,24.0,16.8
46.0,230792.0,2013.0,4.49,10800.0,18.1,240.0,615.0,8.0,19.2
46.0,262982.0,2013.0,4.49,10800.0,18.1,240.0,615.0,8.0,19.2
49.0,303686.0,2013.0,4.49,13920.0,16.21,240.0,615.0,1.0,19.0
50.0,334042.0,2013.0,4.69,13200.0,16.05,240.0,615.0,10.0,22.15
42.0,479740.0,2013.0,3.5,14500.0,12.5,750.0,750.0,36.0,16.5
39.0,333996.0,2013.0,4.35,11500.0,17.6,300.0,640.0,15.0,21.0
39.0,285415.0,2013.0,4.35,11500.0,17.6,300.0,640.0,15.0,21.0
40.0,180990.0,2014.0,3.96,8300.0,18.27,210.0,360.0,1.0,18.2
42.0,218585.0,2014.0,4.29,9900.0,18.3,210.0,360.0,14.0,17.83
37.0,179000.0,2014.0,3.99,6790.0,18.45,130.0,330.0,1.0,15.6
38.0,187302.0,2014.0,3.99,6790.0,18.45,130.0,330.0,1.0,15.6
45.0,259000.0,2014.0,4.49,10812.0,17.42,200.0,330.0,13.0,19.13
45.0,241725.0,2014.0,4.49,10812.0,17.42,200.0,330.0,13.0,19.13
45.0,295000.0,2014.0,4.49,10812.0,17.42,200.0,330.0,13.0,19.13
49.0,382629.0,2014.0,4.86,14200.0,18.44,600.0,970.0,3.0,22.14
49.0,400850.0,2014.0,4.86,14200.0,18.44,600.0,970.0,3.0,22.14
49.0,395000.0,2014.0,4.86,14200.0,18.44,600.0,970.0,3.0,22.14
49.0,315834.0,2014.0,4.86,14200.0,18.44,600.0,970.0,3.0,22.14
37.0,234000.0,2014.0,3.75,6900.0,20.8,150.0,300.0,12.0,17.5
40.0,206551.0,2014.0,4.2,8900.0,20.4,200.0,380.0,29.0,17.7
40.0,205754.0,2014.0,4.2,8900.0,20.4,200.0,380.0,29.0,17.7
40.0,195124.0,2014.0,3.99,7700.0,17.4,200.0,330.0,12.0,16.2
43.0,230792.0,2014.0,4.24,10800.0,18.19,200.0,530.0,10.0,19.05
43.0,275000.0,2014.0,4.24,10800.0,18.19,200.0,530.0,10.0,19.05
43.0,279900.0,2014.0,4.24,10800.0,18.19,200.0,530.0,10.0,19.05
44.0,269900.0,2014.0,4.42,9900.0,17.1,200.0,400.0,24.0,16.8
46.0,242818.0,2014.0,4.49,10800.0,18.1,240.0,615.0,8.0,19.2
46.0,236744.0,2014.0,4.49,10800.0,18.1,240.0,615.0,8.0,19.2
46.0,293110.0,2014.0,4.49,10800.0,18.1,240.0,615.0,8.0,19.2
50.0,389000.0,2014.0,4.69,13200.0,16.05,240.0,615.0,10.0,22.15
53.0,440500.0,2014.0,4.77,15500.0,17.32,240.0,950.0,1.0,20.75
53.0,364800.0,2014.0,4.77,15500.0,17.32,240.0,950.0,1.0,20.75
42.0,379710.0,2014.0,4.22,12000.0,17.01,210.0,360.0,3.0,19.4
53.0,473732.0,2014.0,3.81,9072.0,22.2,190.0,450.0,19.0,18.9
44.0,516246.0,2014.0,4.16,9700.0,25.2,200.0,340.0,14.0,20.3
38.0,189900.0,2015.0,3.99,6790.0,18.45,130.0,330.0,1.0,15.6
40.0,205284.0,2015.0,4.2,8320.0,17.23,200.0,570.0,12.0,16.3
40.0,230000.0,2015.0,4.2,8320.0,17.23,200.0,570.0,12.0,16.3
40.0,219000.0,2015.0,4.2,8320.0,17.23,200.0,570.0,12.0,16.3
45.0,309900.0,2015.0,4.49,10812.0,17.42,200.0,330.0,13.0,19.13
48.0,340115.0,2015.0,4.74,12600.0,17.01,200.0,690.0,3.0,19.7
49.0,399900.0,2015.0,4.86,14200.0,18.44,600.0,970.0,3.0,22.14
40.0,210526.0,2015.0,3.99,7700.0,17.4,200.0,330.0,12.0,16.2
47.0,299000.0,2015.0,4.49,10950.0,17.13,240.0,615.0,10.0,21.8
50.0,350000.0,2015.0,4.69,13200.0,16.05,240.0,615.0,10.0,22.15
53.0,389500.0,2015.0,4.77,15500.0,17.32,240.0,950.0,1.0,20.75
42.0,795000.0,2015.0,4.06,9296.0,20.7,180.0,320.0,4.0,20.12
54.0,1259040.0,2015.0,5.18,26580.0,17.12,1500.0,960.0,19.0,23.49
50.0,668083.0,2015.0,4.35,13000.0,19.8,300.0,700.0,4.0,21.2
38.0,350000.0,2015.0,3.6,7500.0,23.97,200.0,340.0,1.0,18.95
44.0,516246.0,2015.0,4.16,9700.0,25.2,200.0,340.0,14.0,20.3
40.0,180990.0,2016.0,3.96,8300.0,18.27,210.0,360.0,1.0,18.2
40.0,205256.0,2016.0,3.96,8300.0,18.27,210.0,360.0,1.0,18.2
46.0,279720.0,2016.0,4.35,12600.0,16.0,210.0,360.0,12.0,19.05
38.0,119000.0,2016.0,3.99,6790.0,18.45,130.0,330.0,1.0,15.6
45.0,255052.0,2016.0,4.49,10812.0,17.42,200.0,330.0,13.0,19.13
45.0,321895.0,2016.0,4.49,10812.0,17.42,200.0,330.0,13.0,19.13
48.0,389000.0,2016.0,4.74,12600.0,17.01,200.0,690.0,3.0,19.7
48.0,375000.0,2016.0,4.74,12600.0,17.01,200.0,690.0,3.0,19.7
48.0,340115.0,2016.0,4.74,12600.0,17.01,200.0,690.0,3.0,19.7
48.0,397500.0,2016.0,4.74,12600.0,17.01,200.0,690.0,3.0,19.7
40.0,202827.0,2016.0,4.2,8740.0,21.15,200.0,380.0,2.0,18.95
40.0,199900.0,2016.0,4.2,8950.0,17.68,200.0,380.0,1.0,16.4
46.0,241786.0,2016.0,4.5,11200.0,21.1,250.0,530.0,4.0,21.4
46.0,279380.0,2016.0,4.5,11200.0,21.1,250.0,530.0,4.0,21.4
46.0,291527.0,2016.0,4.5,11200.0,21.1,250.0,530.0,4.0,21.4
50.0,376556.0,2016.0,4.97,15800.0,15.2,500.0,720.0,22.0,21.25
56.0,421500.0,2016.0,5.0,17970.0,16.69,500.0,730.0,1.0,26.0
43.0,352276.0,2016.0,4.2,9900.0,18.1,200.0,360.0,4.0,19.5
38.0,182192.0,2016.0,3.76,7700.0,17.08,130.0,200.0,1.0,15.02
41.0,205284.0,2016.0,4.2,8950.0,17.08,200.0,330.0,3.0,16.65
41.0,220000.0,2016.0,4.2,8950.0,17.08,200.0,330.0,3.0,16.65
41.0,199889.0,2016.0,4.2,8950.0,17.08,200.0,330.0,3.0,16.65
44.0,261160.0,2016.0,4.42,9900.0,17.1,200.0,400.0,24.0,16.8
44.0,293043.0,2016.0,4.42,9900.0,17.1,200.0,400.0,24.0,16.8
45.0,230792.0,2016.0,4.24,10262.0,16.9,200.0,530.0,23.0,17.35
45.0,224785.0,2016.0,4.24,10262.0,16.9,200.0,530.0,23.0,17.35
45.0,261122.0,2016.0,4.24,10262.0,16.9,200.0,530.0,23.0,17.35
46.0,267233.0,2016.0,4.49,11040.0,17.1,240.0,618.0,23.0,21.7
51.0,363194.0,2016.0,4.69,14935.0,15.08,240.0,640.0,10.0,23.25
55.0,629000.0,2016.0,4.87,17700.0,17.09,410.0,930.0,5.0,21.1
55.0,600000.0,2016.0,4.87,17700.0,17.09,410.0,930.0,5.0,21.1
55.0,599999.0,2016.0,4.87,17700.0,17.09,410.0,930.0,5.0,21.1
50.0,1214531.0,2016.0,4.51,12800.0,22.03,300.0,320.0,1.0,23.6
54.0,1579105.0,2016.0,4.76,20000.0,19.52,500.0,750.0,3.0,23.5
48.0,757770.0,2016.0,4.77,15000.0,17.7,600.0,900.0,11.0,22.67
50.0,734921.0,2016.0,4.5,14000.0,24.5,330.0,400.0,2.0,26.27
41.0,412941.0,2017.0,4.32,10500.0,14.97,240.0,600.0,1.0,18.4
40.0,225722.0,2017.0,3.96,8300.0,18.27,210.0,360.0,1.0,18.2
40.0,217127.0,2017.0,3.96,8300.0,18.27,210.0,360.0,1.0,18.2
40.0,185849.0,2017.0,3.96,8300.0,18.27,210.0,360.0,1.0,18.2
49.0,350744.0,2017.0,4.67,14500.0,16.16,280.0,560.0,5.0,21.75
49.0,342393.0,2017.0,4.67,14500.0,16.16,280.0,560.0,5.0,21.75
49.0,326418.0,2017.0,4.67,13490.0,17.5,280.0,650.0,1.0,20.53
54.0,734791.0,2017.0,5.28,18600.0,15.12,660.0,800.0,1.0,24.2
38.0,159000.0,2017.0,3.99,6790.0,18.45,130.0,330.0,1.0,15.6
45.0,285526.0,2017.0,4.49,10812.0,17.42,200.0,330.0,13.0,19.13
45.0,241786.0,2017.0,4.49,10812.0,17.42,200.0,330.0,13.0,19.13
45.0,278165.0,2017.0,4.49,10812.0,17.42,200.0,330.0,13.0,19.13
45.0,349000.0,2017.0,4.49,10812.0,17.42,200.0,330.0,13.0,19.13
48.0,290324.0,2017.0,4.74,12600.0,17.01,200.0,690.0,3.0,19.7
42.0,546613.0,2017.0,3.82,7800.0,24.9,200.0,300.0,34.0,19.2
46.0,243001.0,2017.0,4.5,11200.0,21.1,250.0,530.0,4.0,21.4
46.0,364409.0,2017.0,4.5,11200.0,21.1,250.0,530.0,4.0,21.4
46.0,264804.0,2017.0,4.5,10750.0,16.4,250.0,530.0,16.0,19.2
46.0,291527.0,2017.0,4.5,11200.0,21.1,250.0,530.0,4.0,21.4
39.0,206490.0,2017.0,3.87,8300.0,18.77,190.0,220.0,34.0,17.15
39.0,206551.0,2017.0,3.91,8800.0,19.15,170.0,320.0,1.0,18.5
56.0,722646.0,2017.0,5.2,20100.0,19.14,520.0,810.0,3.0,26.35
38.0,191922.0,2017.0,3.76,7700.0,17.08,130.0,200.0,1.0,15.02
41.0,226487.0,2017.0,4.2,8950.0,17.08,200.0,330.0,3.0,16.65
46.0,334055.0,2017.0,4.49,11040.0,17.1,240.0,618.0,23.0,21.7
46.0,297601.0,2017.0,4.49,11040.0,17.1,240.0,618.0,23.0,21.7
51.0,406923.0,2017.0,4.69,14400.0,14.8,240.0,640.0,20.0,22.2
51.0,360765.0,2017.0,4.69,14935.0,15.08,240.0,640.0,10.0,23.25
51.0,354691.0,2017.0,4.69,14935.0,15.08,240.0,640.0,10.0,23.25
51.0,499619.0,2017.0,4.69,14400.0,14.8,240.0,640.0,20.0,22.2
51.0,433003.0,2017.0,4.69,14400.0,14.8,240.0,640.0,20.0,22.2
51.0,450000.0,2017.0,4.69,14935.0,15.08,240.0,640.0,10.0,23.25
55.0,618000.0,2017.0,4.87,17700.0,17.09,410.0,930.0,5.0,21.1
55.0,579000.0,2017.0,4.87,17700.0,17.09,410.0,930.0,5.0,21.1
55.0,501081.0,2017.0,4.87,17700.0,17.09,410.0,930.0,5.0,21.1
55.0,599687.0,2017.0,4.87,17700.0,17.09,410.0,930.0,5.0,21.1
55.0,512942.0,2017.0,4.87,17700.0,17.09,410.0,930.0,5.0,21.1
50.0,1311872.0,2017.0,4.48,17200.0,20.92,400.0,750.0,1.0,22.85
48.0,691190.0,2017.0,4.77,15000.0,17.7,600.0,900.0,11.0,22.67
48.0,642600.0,2017.0,4.77,15000.0,17.7,600.0,900.0,11.0,22.67
50.0,727632.0,2017.0,4.5,14000.0,24.5,330.0,400.0,2.0,26.27
40.0,229000.0,2018.0,3.96,8300.0,18.27,210.0,360.0,1.0,18.2
40.0,205256.0,2018.0,3.96,8300.0,18.27,210.0,360.0,1.0,18.2
40.0,200425.0,2018.0,3.96,8300.0,18.27,210.0,360.0,1.0,18.2
44.0,267301.0,2018.0,4.34,12000.0,17.41,210.0,360.0,13.0,19.25
45.0,334126.0,2018.0,4.49,12600.0,18.9,210.0,650.0,1.0,21.85
38.0,179000.0,2018.0,3.99,6790.0,18.45,130.0,330.0,1.0,15.6
40.0,212543.0,2018.0,4.2,8880.0,17.39,200.0,570.0,2.0,17.1
45.0,255052.0,2018.0,4.49,10812.0,17.42,200.0,330.0,13.0,19.13
45.0,388000.0,2018.0,4.49,10812.0,17.42,200.0,330.0,13.0,19.13
51.0,479824.0,2018.0,4.8,13930.0,16.1,200.0,770.0,37.0,21.85
51.0,394792.0,2018.0,4.8,13930.0,16.1,200.0,770.0,37.0,21.85
51.0,655962.0,2018.0,4.8,14500.0,18.87,568.0,606.0,13.0,21.39
55.0,637716.0,2018.0,4.96,16900.0,15.67,400.0,694.0,1.0,23.33
40.0,229000.0,2018.0,4.2,8740.0,21.15,200.0,380.0,2.0,18.95
46.0,399659.0,2018.0,4.5,11200.0,21.1,250.0,530.0,4.0,21.4
46.0,372982.0,2018.0,4.5,11200.0,21.1,250.0,530.0,4.0,21.4
46.0,255086.0,2018.0,4.5,11200.0,21.1,250.0,530.0,4.0,21.4
50.0,498026.0,2018.0,5.02,14600.0,18.34,500.0,720.0,1.0,21.4
50.0,483449.0,2018.0,4.99,15900.0,16.32,500.0,720.0,14.0,23.6
50.0,388703.0,2018.0,5.02,14600.0,18.34,500.0,720.0,1.0,21.4
50.0,338723.0,2018.0,5.02,14600.0,18.34,500.0,720.0,1.0,21.4
50.0,425144.0,2018.0,4.99,15900.0,16.32,500.0,720.0,14.0,23.6
50.0,400996.0,2018.0,5.02,14600.0,18.34,500.0,720.0,1.0,21.4
44.0,375000.0,2018.0,4.37,12600.0,18.4,270.0,516.0,4.0,20.73
41.0,216216.0,2018.0,4.2,8950.0,17.08,200.0,330.0,3.0,16.65
41.0,223829.0,2018.0,4.2,8950.0,17.08,200.0,330.0,3.0,16.65
46.0,242939.0,2018.0,4.49,11040.0,17.1,240.0,618.0,23.0,21.7
51.0,545950.0,2018.0,4.69,14935.0,15.08,240.0,640.0,10.0,23.25
51.0,325539.0,2018.0,4.69,14935.0,15.08,240.0,640.0,10.0,23.25
51.0,499999.0,2018.0,4.69,14935.0,15.08,240.0,640.0,10.0,23.25
51.0,423929.0,2018.0,4.69,14400.0,14.8,240.0,640.0,20.0,22.2
55.0,649863.0,2018.0,4.87,17700.0,17.09,410.0,930.0,5.0,21.1
55.0,575000.0,2018.0,4.87,17700.0,17.09,410.0,930.0,5.0,21.1
55.0,594010.0,2018.0,4.87,17700.0,17.09,410.0,930.0,5.0,21.1
55.0,593926.0,2018.0,4.87,17700.0,17.09,410.0,930.0,5.0,21.1
43.0,388718.0,2018.0,3.99,9600.0,23.27,200.0,303.0,34.0,19.0
40.0,205284.0,2019.0,3.96,8300.0,18.27,210.0,360.0,1.0,18.2
44.0,394776.0,2019.0,4.34,12000.0,17.41,210.0,360.0,13.0,19.25
45.0,320761.0,2019.0,4.49,12600.0,18.9,210.0,650.0,1.0,21.85
45.0,301321.0,2019.0,4.49,12600.0,18.9,210.0,650.0,1.0,21.85
49.0,321895.0,2019.0,4.67,14500.0,16.16,280.0,560.0,5.0,21.75
38.0,254000.0,2019.0,3.99,6400.0,18.2,130.0,330.0,23.0,16.46
38.0,163984.0,2019.0,3.99,6400.0,18.2,130.0,330.0,23.0,16.46
38.0,289000.0,2019.0,3.99,6400.0,18.2,130.0,330.0,23.0,16.46
45.0,459000.0,2019.0,4.49,10812.0,17.42,200.0,330.0,13.0,19.13
47.0,302459.0,2019.0,4.41,10938.0,16.5,200.0,370.0,25.0,20.6
47.0,285454.0,2019.0,4.25,10300.0,16.45,200.0,530.0,3.0,18.17
47.0,469000.0,2019.0,4.41,10938.0,16.5,200.0,370.0,25.0,20.6
47.0,467004.0,2019.0,4.41,10938.0,16.5,200.0,370.0,25.0,20.6
51.0,510172.0,2019.0,4.8,13930.0,16.1,200.0,770.0,37.0,21.85
51.0,363209.0,2019.0,4.8,13930.0,16.1,200.0,770.0,37.0,21.85
51.0,443382.0,2019.0,4.8,13930.0,16.1,200.0,770.0,37.0,21.85
51.0,400850.0,2019.0,4.8,13930.0,16.1,200.0,770.0,37.0,21.85
55.0,759185.0,2019.0,4.96,16900.0,15.67,400.0,694.0,1.0,23.33
55.0,704524.0,2019.0,4.96,16900.0,15.67,400.0,694.0,1.0,23.33
39.0,217486.0,2019.0,3.98,7750.0,17.41,200.0,380.0,1.0,18.1
39.0,204121.0,2019.0,3.98,7750.0,17.41,200.0,380.0,1.0,18.1
40.0,228363.0,2019.0,4.2,8950.0,17.68,200.0,380.0,1.0,16.4
40.0,216187.0,2019.0,4.2,8740.0,21.15,200.0,380.0,2.0,18.95
40.0,216502.0,2019.0,4.2,8950.0,17.68,200.0,380.0,1.0,16.4
43.0,239295.0,2019.0,4.3,10900.0,17.25,250.0,430.0,15.0,19.7
43.0,267233.0,2019.0,4.3,10900.0,17.25,250.0,430.0,15.0,19.7
43.0,255086.0,2019.0,4.3,10900.0,17.25,250.0,430.0,15.0,19.7
46.0,469000.0,2019.0,4.5,10750.0,16.4,250.0,530.0,16.0,19.2
46.0,321895.0,2019.0,4.5,11200.0,21.1,250.0,530.0,4.0,21.4
46.0,321895.0,2019.0,4.5,10750.0,16.4,250.0,530.0,16.0,19.2
46.0,327968.0,2019.0,4.5,11200.0,21.1,250.0,530.0,4.0,21.4
50.0,484664.0,2019.0,5.02,14600.0,18.34,500.0,720.0,1.0,21.4
50.0,451806.0,2019.0,4.99,15900.0,16.32,500.0,720.0,14.0,23.6
50.0,335256.0,2019.0,4.68,14900.0,17.29,250.0,600.0,1.0,23.55
39.0,189000.0,2019.0,3.76,7700.0,17.08,130.0,200.0,1.0,15.02
41.0,195000.0,2019.0,4.2,8950.0,17.08,200.0,330.0,3.0,16.65
41.0,297000.0,2019.0,4.2,8950.0,17.08,200.0,330.0,3.0,16.65
48.0,309760.0,2019.0,4.49,12800.0,17.57,240.0,720.0,1.0,20.75
48.0,309748.0,2019.0,4.49,12800.0,17.57,240.0,720.0,1.0,20.75
48.0,291527.0,2019.0,4.49,12800.0,17.57,240.0,720.0,1.0,20.75
48.0,423929.0,2019.0,4.49,12800.0,17.57,240.0,720.0,1.0,20.75
40.0,406868.0,2019.0,4.35,9000.0,20.57,270.0,600.0,1.0,19.15
42.0,406923.0,2019.0,4.35,9000.0,21.28,300.0,400.0,1.0,20.7
46.0,570907.0,2019.0,4.42,13000.0,19.4,360.0,460.0,29.0,21.8
39.0,210000.0,2005.0,6.7,7500.0,17.11,250.0,530.0,1.0,17.5
39.0,200000.0,2005.0,6.72,8900.0,18.2,350.0,780.0,2.0,17.28951219512195
40.5,225000.0,2005.0,7.4,8600.0,18.5,200.0,700.0,3.0,18.0
40.5,303395.0,2005.0,7.4,8000.0,20.8,200.0,780.0,4.0,18.45
40.5,235000.0,2005.0,7.4,8600.0,18.5,200.0,700.0,3.0,18.0
42.0,330000.0,2005.0,6.6,10800.0,17.2,450.0,600.0,4.0,20.0
42.0,269500.0,2005.0,6.74,11000.0,17.36,720.0,750.0,5.0,17.28951219512195
42.0,249900.0,2005.0,6.74,11000.0,17.36,720.0,750.0,5.0,17.28951219512195
42.0,249900.0,2005.0,6.74,11000.0,17.36,720.0,750.0,5.0,17.28951219512195
46.0,254636.0,2005.0,7.4,10800.0,18.26,470.0,700.0,1.0,19.5
38.0,163694.0,2006.0,6.3,6500.0,18.9,250.0,600.0,2.0,16.5
39.0,200642.0,2006.0,6.7,7500.0,17.11,250.0,530.0,1.0,17.5
39.0,188482.0,2006.0,6.7,7500.0,17.11,250.0,530.0,1.0,17.5
40.0,199990.0,2006.0,6.3,7500.0,22.9,400.0,800.0,4.0,18.35
40.6,302787.0,2006.0,7.4,8000.0,20.8,200.0,780.0,4.0,18.45
42.0,269900.0,2006.0,6.74,11000.0,17.36,720.0,750.0,5.0,17.28951219512195
43.6,267617.0,2006.0,7.1,12400.0,17.31,780.0,800.0,2.0,19.4
46.0,345577.0,2006.0,7.4,10800.0,18.26,470.0,700.0,1.0,19.5
46.0,242510.0,2006.0,7.4,10800.0,18.26,470.0,700.0,1.0,19.5
47.0,516769.0,2006.0,7.6,11500.0,20.24,800.0,800.0,1.0,20.5
48.0,450000.0,2006.0,8.74,19800.0,19.05,1056.0,480.0,2.0,27.3
47.0,345919.0,2007.0,7.7,12000.0,17.4,480.0,700.0,4.0,20.45
39.0,186733.0,2008.0,6.7,7500.0,17.11,250.0,530.0,1.0,17.5
39.0,194562.0,2008.0,6.7,7500.0,17.11,250.0,530.0,1.0,17.5
39.0,194401.0,2008.0,6.7,7500.0,17.11,250.0,530.0,1.0,17.5
39.0,188278.0,2008.0,6.7,7500.0,17.11,250.0,530.0,1.0,17.5
39.0,187945.0,2008.0,6.7,7500.0,17.11,250.0,530.0,1.0,17.5
42.0,270000.0,2008.0,6.7,9979.0,16.36,360.0,757.0,2.0,16.55
42.0,270000.0,2008.0,6.7,9979.0,16.36,360.0,757.0,2.0,16.55
43.0,390827.0,2008.0,13.1,10300.0,12.74,470.0,700.0,2.0,7.35
43.0,339000.0,2008.0,13.1,10300.0,12.74,470.0,700.0,2.0,7.35
43.0,309860.0,2008.0,13.1,10300.0,12.74,470.0,700.0,2.0,7.35
43.0,309506.0,2008.0,13.1,10300.0,12.74,470.0,700.0,2.0,7.35
43.0,338636.0,2008.0,13.1,10300.0,12.74,470.0,700.0,2.0,7.35
43.0,285231.0,2008.0,13.1,10300.0,12.74,470.0,700.0,2.0,7.35
43.0,261424.0,2008.0,13.1,10300.0,12.74,470.0,700.0,2.0,7.35
44.0,312493.0,2008.0,13.47,10500.0,9.5,600.0,600.0,2.0,6.81
47.0,503706.0,2008.0,7.7,12000.0,17.4,480.0,700.0,4.0,20.45
47.0,418744.0,2008.0,7.7,12000.0,17.4,480.0,700.0,4.0,20.45
47.0,346188.0,2008.0,7.7,12000.0,17.4,480.0,700.0,4.0,20.45
47.0,345919.0,2008.0,7.7,12000.0,17.4,480.0,700.0,4.0,20.45
47.0,333781.0,2008.0,7.7,12000.0,17.4,480.0,700.0,4.0,20.45
50.0,479000.0,2008.0,8.53,16330.0,17.97,1200.0,1100.0,7.0,17.28951219512195
50.0,465000.0,2008.0,8.53,16330.0,17.97,1200.0,1100.0,7.0,17.28951219512195
50.0,365000.0,2008.0,8.53,16330.0,17.97,1200.0,1100.0,7.0,17.28951219512195
39.0,205124.0,2009.0,6.7,7500.0,17.11,250.0,530.0,1.0,17.5
39.0,194422.0,2009.0,6.91,7650.0,16.69,430.0,430.0,1.0,17.2
39.0,194200.0,2009.0,6.91,7650.0,16.69,430.0,430.0,1.0,17.2
42.0,364170.0,2009.0,6.6,10800.0,17.2,450.0,600.0,4.0,20.0
42.0,363802.0,2009.0,6.6,10800.0,17.2,450.0,600.0,4.0,20.0
43.0,300000.0,2009.0,13.1,10300.0,12.74,470.0,700.0,2.0,7.35
47.0,314925.0,2009.0,7.7,12000.0,17.4,480.0,700.0,4.0,20.45
47.0,315454.0,2009.0,7.7,12000.0,17.4,480.0,700.0,4.0,20.45
39.0,285000.0,2010.0,11.97,10297.0,9.0,400.0,600.0,2.0,7.25
39.0,218882.0,2010.0,6.72,9200.0,20.1,300.0,530.0,2.0,17.28951219512195
39.0,205506.0,2010.0,6.7,7500.0,17.11,250.0,530.0,1.0,17.5
39.0,205284.0,2010.0,6.7,7500.0,17.11,250.0,530.0,1.0,17.5
42.0,437734.0,2010.0,7.5,12100.0,16.5,600.0,900.0,4.0,19.45
42.0,327968.0,2010.0,7.5,12100.0,16.5,600.0,900.0,4.0,19.45
42.0,327712.0,2010.0,7.5,12100.0,16.5,600.0,900.0,4.0,19.45
42.0,285231.0,2010.0,7.5,12100.0,16.5,600.0,900.0,4.0,19.45
43.0,390000.0,2010.0,13.1,10300.0,12.74,470.0,700.0,2.0,7.35
44.0,346188.0,2010.0,6.81,10500.0,22.6,600.0,900.0,4.0,19.2
44.0,345919.0,2010.0,6.81,10500.0,22.6,600.0,900.0,4.0,19.2
44.0,291527.0,2010.0,6.81,10500.0,22.6,600.0,900.0,4.0,19.2
44.0,291300.0,2010.0,6.81,10500.0,22.6,600.0,900.0,4.0,19.2
44.0,282000.0,2010.0,6.81,10500.0,22.6,600.0,900.0,4.0,19.2
44.0,269724.0,2010.0,6.81,10500.0,22.6,600.0,900.0,4.0,19.2
44.0,437734.0,2010.0,6.81,10500.0,23.27,600.0,600.0,2.0,20.8
44.0,437231.0,2010.0,6.81,10500.0,23.27,600.0,600.0,2.0,20.8
44.0,525000.0,2010.0,13.46,11500.0,9.0,700.0,750.0,2.0,7.54
44.0,495000.0,2010.0,13.46,11500.0,9.0,700.0,750.0,2.0,7.54
46.0,415000.0,2010.0,7.57,14100.0,19.6,700.0,780.0,1.0,23.47
46.0,335000.0,2010.0,7.57,14100.0,19.6,700.0,780.0,1.0,23.47
50.0,595000.0,2010.0,15.24,15876.0,10.0,1200.0,800.0,2.0,7.92
39.0,218725.0,2011.0,6.72,9200.0,20.1,300.0,530.0,2.0,17.28951219512195
39.0,346563.0,2011.0,6.72,9200.0,20.1,300.0,530.0,2.0,17.28951219512195
39.0,302787.0,2011.0,6.72,9200.0,20.1,300.0,530.0,2.0,17.28951219512195
42.0,333781.0,2011.0,7.5,12100.0,16.5,600.0,900.0,4.0,19.45
42.0,297902.0,2011.0,7.5,12100.0,16.5,600.0,900.0,4.0,19.45
42.5,325000.0,2011.0,7.7,12600.0,18.75,300.0,600.0,2.0,19.8
42.5,325000.0,2011.0,7.7,12600.0,18.75,300.0,600.0,2.0,19.8
43.0,339850.0,2011.0,13.1,10300.0,12.74,470.0,700.0,2.0,7.35
44.0,279162.0,2011.0,6.81,10500.0,22.6,600.0,900.0,4.0,19.2
44.0,255086.0,2011.0,6.81,10500.0,22.6,600.0,900.0,4.0,19.2
44.0,254887.0,2011.0,6.81,10500.0,22.6,600.0,900.0,4.0,19.2
47.0,450000.0,2011.0,7.7,12000.0,17.4,480.0,700.0,4.0,20.45
39.0,315000.0,2012.0,6.72,9200.0,20.1,300.0,530.0,2.0,17.28951219512195
41.0,369828.0,2012.0,7.5,12100.0,16.5,600.0,900.0,4.0,19.45
43.6,520699.0,2012.0,7.54,11300.0,19.94,700.0,700.0,9.0,17.28951219512195
43.6,449893.0,2012.0,7.54,11300.0,19.94,700.0,700.0,9.0,17.28951219512195
43.6,449438.0,2012.0,7.54,11300.0,19.94,700.0,700.0,9.0,17.28951219512195
44.0,749000.0,2012.0,13.46,11500.0,9.0,700.0,750.0,2.0,7.54
47.0,358056.0,2012.0,7.7,12000.0,17.4,480.0,700.0,4.0,20.45
52.0,675000.0,2012.0,8.53,15500.0,23.77,1000.0,1000.0,10.0,23.6
39.0,285558.0,2013.0,7.25,10900.0,20.5,400.0,600.0,2.0,17.28951219512195
39.0,342763.0,2013.0,6.72,9200.0,20.1,300.0,530.0,2.0,17.28951219512195
39.0,328323.0,2013.0,6.72,9200.0,20.1,300.0,530.0,2.0,17.28951219512195
39.0,267197.0,2013.0,7.25,10900.0,20.5,400.0,600.0,2.0,17.28951219512195
42.0,423599.0,2013.0,7.5,12100.0,16.5,600.0,900.0,4.0,19.45
42.0,229900.0,2013.0,7.38,10500.0,17.45,460.0,460.0,11.0,17.28951219512195
43.6,362911.0,2013.0,7.54,11300.0,19.94,700.0,700.0,9.0,17.28951219512195
43.6,534050.0,2013.0,7.54,11300.0,19.94,700.0,700.0,9.0,17.28951219512195
43.6,479824.0,2013.0,7.54,11300.0,19.94,700.0,700.0,9.0,17.28951219512195
43.6,443382.0,2013.0,7.54,11300.0,19.94,700.0,700.0,9.0,17.28951219512195
43.6,443019.0,2013.0,7.54,11300.0,19.94,700.0,700.0,9.0,17.28951219512195
47.0,473732.0,2013.0,7.7,12000.0,17.4,480.0,700.0,4.0,20.45
47.0,473362.0,2013.0,7.7,12000.0,17.4,480.0,700.0,4.0,20.45
47.0,473362.0,2013.0,7.7,12000.0,17.4,480.0,700.0,4.0,20.45
52.0,947207.0,2013.0,15.84,26000.0,10.0,1000.0,960.0,2.0,8.74
52.0,946725.0,2013.0,15.84,26000.0,10.0,1000.0,960.0,2.0,8.74
53.5,795000.0,2013.0,8.53,15500.0,17.52,600.0,800.0,12.0,17.28951219512195
38.0,303138.0,2014.0,6.63,7260.0,17.37,300.0,600.0,2.0,16.05
39.0,345000.0,2014.0,6.72,9200.0,20.1,300.0,530.0,2.0,17.28951219512195
39.0,235251.0,2014.0,6.72,9200.0,20.1,300.0,530.0,2.0,17.28951219512195
39.0,234982.0,2014.0,6.72,9200.0,20.1,300.0,530.0,2.0,17.28951219512195
39.0,327923.0,2014.0,7.25,10900.0,20.5,400.0,600.0,2.0,17.28951219512195
39.0,327923.0,2014.0,7.25,10900.0,20.5,400.0,600.0,2.0,17.28951219512195
39.0,327923.0,2014.0,7.25,10900.0,20.5,400.0,600.0,2.0,17.28951219512195
39.0,327923.0,2014.0,7.25,10900.0,20.5,400.0,600.0,2.0,17.28951219512195
39.0,327923.0,2014.0,7.25,10900.0,20.5,400.0,600.0,2.0,17.28951219512195
39.0,315778.0,2014.0,7.25,10900.0,20.5,400.0,600.0,2.0,17.28951219512195
39.0,315778.0,2014.0,7.25,10900.0,20.5,400.0,600.0,2.0,17.28951219512195
42.0,440000.0,2014.0,7.5,12100.0,16.5,600.0,900.0,4.0,19.45
42.0,352619.0,2014.0,7.5,12100.0,16.5,600.0,900.0,4.0,19.45
42.0,352214.0,2014.0,7.5,12100.0,16.5,600.0,900.0,4.0,19.45
42.0,320000.0,2014.0,7.5,12100.0,16.5,600.0,900.0,4.0,19.45
42.0,320000.0,2014.0,7.5,12100.0,16.5,600.0,900.0,4.0,19.45
43.6,535000.0,2014.0,7.54,11300.0,19.94,700.0,700.0,9.0,17.28951219512195
47.0,563836.0,2014.0,7.7,12000.0,17.4,480.0,700.0,4.0,20.45
47.0,485000.0,2014.0,7.7,12000.0,17.4,480.0,700.0,4.0,20.45
49.0,589724.0,2014.0,7.99,14000.0,18.8,940.0,700.0,2.0,17.28951219512195
49.0,571486.0,2014.0,7.99,14000.0,18.8,940.0,700.0,2.0,17.28951219512195
56.0,899000.0,2014.0,8.33,16900.0,20.63,1100.0,960.0,2.0,21.3
39.5,364424.0,2015.0,6.91,8900.0,18.85,430.0,430.0,2.0,17.2
40.0,425604.0,2015.0,7.12,10800.0,16.7,400.0,800.0,3.0,19.5
40.0,425144.0,2015.0,7.12,10800.0,16.7,400.0,800.0,3.0,19.5
42.0,363562.0,2015.0,7.5,12100.0,16.5,600.0,900.0,4.0,19.45
42.0,363145.0,2015.0,7.5,12100.0,16.5,600.0,900.0,4.0,19.45
42.0,340459.0,2015.0,7.5,12100.0,16.5,600.0,900.0,4.0,19.45
42.0,340069.0,2015.0,7.5,12100.0,16.5,600.0,900.0,4.0,19.45
42.0,455973.0,2015.0,7.42,10800.0,18.8,400.0,800.0,3.0,18.5
43.0,519000.0,2015.0,7.42,10800.0,18.8,400.0,800.0,3.0,18.5
43.0,455449.0,2015.0,7.42,10800.0,18.8,400.0,800.0,3.0,18.5
43.0,449000.0,2015.0,7.42,10800.0,18.8,400.0,800.0,3.0,18.5
43.6,559900.0,2015.0,7.54,11300.0,19.94,700.0,700.0,9.0,17.28951219512195
43.6,473362.0,2015.0,7.54,11300.0,19.94,700.0,700.0,9.0,17.28951219512195
43.6,443526.0,2015.0,7.54,11300.0,19.94,700.0,700.0,9.0,17.28951219512195
43.6,443019.0,2015.0,7.54,11300.0,19.94,700.0,700.0,9.0,17.28951219512195
43.6,510689.0,2015.0,7.54,11300.0,19.94,700.0,700.0,9.0,17.28951219512195
43.6,510689.0,2015.0,7.54,11300.0,19.94,700.0,700.0,9.0,17.28951219512195
43.6,509775.0,2015.0,7.54,11300.0,19.94,700.0,700.0,9.0,17.28951219512195
43.6,484286.0,2015.0,7.54,11300.0,19.94,700.0,700.0,9.0,17.28951219512195
43.6,480291.0,2015.0,7.54,11300.0,19.94,700.0,700.0,9.0,17.28951219512195
43.6,479310.0,2015.0,7.54,11300.0,19.94,700.0,700.0,9.0,17.28951219512195
44.6,510689.0,2015.0,7.88,15500.0,16.68,400.0,800.0,1.0,20.75
44.6,455973.0,2015.0,7.88,15500.0,16.68,400.0,800.0,1.0,20.75
44.6,455627.0,2015.0,7.88,15500.0,16.68,400.0,800.0,1.0,20.75
44.6,454706.0,2015.0,7.88,15500.0,16.68,400.0,800.0,1.0,20.75
45.8,516246.0,2015.0,7.9,15500.0,16.3,1000.0,700.0,2.0,21.45
45.8,515844.0,2015.0,13.96,16800.0,9.0,1040.0,700.0,2.0,7.87
45.8,504030.0,2015.0,13.96,16800.0,9.0,1040.0,700.0,2.0,7.87
45.8,503208.0,2015.0,13.96,16800.0,9.0,1040.0,700.0,2.0,7.87
49.0,601884.0,2015.0,7.99,14000.0,18.8,940.0,700.0,2.0,17.28951219512195
49.0,589724.0,2015.0,7.99,14000.0,18.8,940.0,700.0,2.0,17.28951219512195
49.0,589343.0,2015.0,7.99,14000.0,18.8,940.0,700.0,2.0,17.28951219512195
49.0,1055962.0,2015.0,14.98,15700.0,14.93,1060.0,700.0,2.0,7.99
49.0,910312.0,2015.0,7.99,14000.0,18.8,940.0,700.0,2.0,17.28951219512195
49.0,765000.0,2015.0,7.99,14000.0,18.8,940.0,700.0,2.0,17.28951219512195
50.0,617000.0,2015.0,7.62,15240.0,20.3,1000.0,1200.0,13.0,17.28951219512195
52.0,836660.0,2015.0,15.84,26000.0,10.0,1000.0,960.0,2.0,8.74
52.0,776032.0,2015.0,15.84,26000.0,10.0,1000.0,960.0,2.0,8.74
52.0,1032492.0,2015.0,15.84,26000.0,10.0,1000.0,960.0,2.0,8.74
52.0,911022.0,2015.0,15.84,26000.0,10.0,1000.0,960.0,2.0,8.74
56.0,1200000.0,2015.0,8.33,16900.0,20.63,1100.0,960.0,2.0,21.3
39.0,365000.0,2016.0,6.72,8900.0,18.2,350.0,780.0,2.0,17.28951219512195
39.0,329000.0,2016.0,6.72,8900.0,18.2,350.0,780.0,2.0,17.28951219512195
39.0,329000.0,2016.0,6.72,8900.0,18.2,350.0,780.0,2.0,17.28951219512195
39.0,319000.0,2016.0,6.72,8900.0,18.2,350.0,780.0,2.0,17.28951219512195
39.0,460769.0,2016.0,6.72,8900.0,18.2,350.0,780.0,2.0,17.28951219512195
39.0,400850.0,2016.0,7.25,10900.0,20.5,400.0,600.0,2.0,17.28951219512195
39.0,363765.0,2016.0,6.7,10500.0,17.5,300.0,530.0,2.0,17.2
39.0,327968.0,2016.0,7.25,10900.0,20.5,400.0,600.0,2.0,17.28951219512195
39.0,326753.0,2016.0,7.25,10900.0,20.5,400.0,600.0,2.0,17.28951219512195
39.0,315821.0,2016.0,7.25,10900.0,20.5,400.0,600.0,2.0,17.28951219512195
39.0,395000.0,2016.0,6.7,10500.0,17.5,300.0,530.0,2.0,17.2
40.0,314361.0,2016.0,7.12,10800.0,16.7,400.0,800.0,3.0,19.5
40.0,395204.0,2016.0,7.12,10800.0,16.7,400.0,800.0,3.0,19.5
40.0,357702.0,2016.0,7.12,10800.0,16.7,400.0,800.0,3.0,19.5
40.0,348995.0,2016.0,7.12,10800.0,16.7,400.0,800.0,3.0,19.5
41.0,388650.0,2016.0,6.72,10300.0,17.3,800.0,800.0,2.0,17.28951219512195
41.0,388400.0,2016.0,6.72,10300.0,17.3,800.0,800.0,2.0,17.28951219512195
42.0,462052.0,2016.0,7.42,10800.0,18.8,400.0,800.0,3.0,18.5
42.0,460370.0,2016.0,7.5,12100.0,16.5,600.0,900.0,4.0,19.45
42.0,460011.0,2016.0,7.5,12100.0,16.5,600.0,900.0,4.0,19.45
43.0,415000.0,2016.0,7.42,10800.0,18.8,400.0,800.0,3.0,18.5
43.0,485155.0,2016.0,7.42,10800.0,18.8,400.0,800.0,3.0,18.5
43.0,480291.0,2016.0,7.42,10800.0,18.8,400.0,800.0,3.0,18.5
43.6,582000.0,2016.0,7.54,11300.0,19.94,700.0,700.0,9.0,17.28951219512195
43.6,582000.0,2016.0,7.4,10800.0,18.26,470.0,750.0,1.0,20.35
43.6,595804.0,2016.0,7.54,11300.0,19.94,700.0,700.0,9.0,17.28951219512195
43.6,589000.0,2016.0,7.54,11300.0,19.94,700.0,700.0,9.0,17.28951219512195
43.6,399000.0,2016.0,7.54,11300.0,19.94,700.0,700.0,9.0,17.28951219512195
43.6,399000.0,2016.0,7.54,11300.0,19.94,700.0,700.0,9.0,17.28951219512195
44.6,363154.0,2016.0,7.88,15500.0,16.68,400.0,800.0,1.0,20.75
45.0,519000.0,2016.0,7.54,12500.0,18.1,600.0,600.0,2.0,20.8
45.8,472895.0,2016.0,7.7,15500.0,15.1,600.0,700.0,1.0,22.5
48.0,465000.0,2016.0,7.57,18600.0,19.7,700.0,780.0,3.0,23.4
49.0,735636.0,2016.0,7.99,14000.0,18.8,940.0,700.0,2.0,17.28951219512195
49.0,667544.0,2016.0,7.99,14000.0,18.8,940.0,700.0,2.0,17.28951219512195
49.0,601884.0,2016.0,7.99,14000.0,18.8,940.0,700.0,2.0,17.28951219512195
49.0,595804.0,2016.0,7.99,14000.0,18.8,940.0,700.0,2.0,17.28951219512195
49.0,595000.0,2016.0,7.99,14000.0,18.8,940.0,700.0,2.0,17.28951219512195
52.0,690000.0,2016.0,15.84,26000.0,10.0,1000.0,960.0,2.0,8.74
39.0,209999.0,2017.0,6.72,8900.0,18.2,350.0,780.0,2.0,17.28951219512195
39.0,497637.0,2017.0,6.7,10500.0,17.5,300.0,530.0,2.0,17.2
39.0,473732.0,2017.0,6.7,10500.0,17.5,300.0,530.0,2.0,17.2
39.0,473362.0,2017.0,6.7,10500.0,17.5,300.0,530.0,2.0,17.2
39.0,388703.0,2017.0,7.25,10900.0,20.5,400.0,600.0,2.0,17.28951219512195
39.0,363765.0,2017.0,6.7,10500.0,17.5,300.0,530.0,2.0,17.2
39.0,363765.0,2017.0,6.7,10500.0,17.5,300.0,530.0,2.0,17.2
39.0,400000.0,2017.0,7.9,8500.0,26.4,300.0,400.0,3.0,18.22
39.0,400000.0,2017.0,7.9,8500.0,26.4,300.0,400.0,3.0,18.22
42.0,452325.0,2017.0,7.42,10800.0,18.8,400.0,800.0,3.0,18.5
42.5,546613.0,2017.0,7.7,12600.0,18.75,300.0,600.0,2.0,19.8
42.5,545648.0,2017.0,7.7,12600.0,18.75,300.0,600.0,2.0,19.8
43.0,449087.0,2017.0,7.42,10800.0,18.8,400.0,800.0,3.0,18.5
43.6,540000.0,2017.0,7.54,11300.0,19.94,700.0,700.0,9.0,17.28951219512195
43.6,529000.0,2017.0,7.54,11300.0,19.94,700.0,700.0,9.0,17.28951219512195
43.6,450000.0,2017.0,7.54,11300.0,19.94,700.0,700.0,9.0,17.28951219512195
44.6,601884.0,2017.0,7.88,15500.0,16.68,400.0,800.0,1.0,20.75
44.6,601275.0,2017.0,7.88,15500.0,16.68,400.0,800.0,1.0,20.75
44.6,426790.0,2017.0,7.88,15500.0,16.68,400.0,800.0,1.0,20.75
44.6,350908.0,2017.0,7.88,15500.0,16.68,400.0,800.0,1.0,20.75
45.0,519000.0,2017.0,7.54,12500.0,18.1,600.0,600.0,2.0,20.8
45.0,662010.0,2017.0,7.54,12500.0,18.1,600.0,600.0,2.0,20.8
45.0,661494.0,2017.0,7.54,12500.0,18.1,600.0,600.0,2.0,20.8
45.0,525317.0,2017.0,7.54,12500.0,18.1,600.0,600.0,2.0,20.8
45.0,523822.0,2017.0,7.54,12500.0,18.1,600.0,600.0,2.0,20.8
45.8,600000.0,2017.0,13.96,16800.0,9.0,1040.0,700.0,2.0,7.87
45.8,600000.0,2017.0,13.96,16800.0,9.0,1040.0,700.0,2.0,7.87
45.8,582024.0,2017.0,13.96,16800.0,9.0,1040.0,700.0,2.0,7.87
45.8,582024.0,2017.0,13.96,16800.0,9.0,1040.0,700.0,2.0,7.87
49.0,1039617.0,2017.0,7.99,14000.0,18.8,940.0,700.0,2.0,17.28951219512195
52.0,1100000.0,2017.0,15.84,26000.0,10.0,1000.0,960.0,2.0,8.74
56.0,1094334.0,2017.0,8.33,16900.0,20.63,1100.0,960.0,2.0,21.3
39.0,457738.0,2018.0,6.7,10500.0,17.5,300.0,530.0,2.0,17.2
39.0,449087.0,2018.0,6.7,10500.0,17.5,300.0,530.0,2.0,17.2
39.0,398929.0,2018.0,6.7,10500.0,17.5,300.0,530.0,2.0,17.2
40.0,316163.0,2018.0,7.12,10800.0,16.7,400.0,800.0,3.0,19.5
40.0,449000.0,2018.0,7.12,10800.0,16.7,400.0,800.0,3.0,19.5
41.0,497958.0,2018.0,6.72,10300.0,17.3,800.0,800.0,2.0,17.28951219512195
41.0,497146.0,2018.0,6.72,10300.0,17.3,800.0,800.0,2.0,17.28951219512195
41.0,424393.0,2018.0,6.72,10300.0,17.3,800.0,800.0,2.0,17.28951219512195
41.0,406606.0,2018.0,6.72,10300.0,17.3,800.0,800.0,2.0,17.28951219512195
41.0,387664.0,2018.0,6.72,10300.0,17.3,800.0,800.0,2.0,17.28951219512195
42.5,484286.0,2018.0,7.7,12600.0,18.75,300.0,600.0,2.0,19.8
43.0,547167.0,2018.0,7.42,10800.0,18.8,400.0,800.0,3.0,18.5
43.0,546613.0,2018.0,7.42,10800.0,18.8,400.0,800.0,3.0,18.5
43.0,549000.0,2018.0,7.42,13500.0,20.38,800.0,800.0,14.0,17.28951219512195
44.0,910000.0,2018.0,7.7,12700.0,15.6,640.0,900.0,2.0,19.6
45.0,656646.0,2018.0,7.54,12500.0,18.1,600.0,600.0,2.0,20.8
45.7,789553.0,2018.0,7.7,15700.0,17.3,1000.0,700.0,2.0,21.4
45.7,788158.0,2018.0,7.7,15700.0,17.3,1000.0,700.0,2.0,21.4
45.7,778247.0,2018.0,7.7,15700.0,17.3,1000.0,700.0,2.0,21.4
45.7,778247.0,2018.0,7.7,15700.0,17.3,1000.0,700.0,2.0,21.4
45.7,778247.0,2018.0,7.7,15700.0,17.3,1000.0,700.0,2.0,21.4
45.7,777300.0,2018.0,7.7,15700.0,17.3,1000.0,700.0,2.0,21.4
45.7,828000.0,2018.0,7.7,15700.0,17.3,1000.0,700.0,2.0,21.4
45.7,828000.0,2018.0,7.7,15700.0,17.3,1000.0,700.0,2.0,21.4
45.8,545000.0,2018.0,13.96,16800.0,9.0,1040.0,700.0,2.0,7.87
45.8,649900.0,2018.0,13.96,16800.0,9.0,1040.0,700.0,2.0,7.87
48.7,990000.0,2018.0,8.23,12247.0,23.0,600.0,380.0,1.0,22.25
49.0,934587.0,2018.0,7.99,14000.0,18.8,940.0,700.0,2.0,17.28951219512195
49.0,934587.0,2018.0,7.99,14000.0,18.8,940.0,700.0,2.0,17.28951219512195
49.0,910312.0,2018.0,7.99,14000.0,18.8,940.0,700.0,2.0,17.28951219512195
49.0,910312.0,2018.0,7.99,14000.0,18.8,940.0,700.0,2.0,17.28951219512195
52.0,1273178.0,2018.0,8.74,26920.0,22.61,992.0,960.0,2.0,29.4
52.0,1260030.0,2018.0,15.84,26000.0,10.0,1000.0,960.0,2.0,8.74
55.0,2890000.0,2018.0,16.76,21000.0,16.76,1500.0,700.0,2.0,8.05
39.0,455511.0,2019.0,6.7,10500.0,17.5,300.0,530.0,2.0,17.2
41.0,697906.0,2019.0,7.2,11000.0,20.1,470.0,530.0,3.0,18.6
41.0,510103.0,2019.0,6.72,10300.0,17.3,800.0,800.0,2.0,17.28951219512195
41.0,509271.0,2019.0,6.72,10300.0,17.3,800.0,800.0,2.0,17.28951219512195
41.0,484598.0,2019.0,6.72,10300.0,17.3,800.0,800.0,2.0,17.28951219512195
41.0,483808.0,2019.0,6.72,10300.0,17.3,800.0,800.0,2.0,17.28951219512195
41.0,480324.0,2019.0,6.72,10300.0,17.3,800.0,800.0,2.0,17.28951219512195
41.0,462084.0,2019.0,6.72,10300.0,17.3,800.0,800.0,2.0,17.28951219512195
41.0,461585.0,2019.0,6.72,10300.0,17.3,800.0,800.0,2.0,17.28951219512195
41.0,409066.0,2019.0,6.72,10300.0,17.3,800.0,800.0,2.0,17.28951219512195
41.0,304103.0,2019.0,6.72,10300.0,17.3,800.0,800.0,2.0,17.28951219512195
41.0,499000.0,2019.0,7.2,11000.0,20.1,470.0,530.0,3.0,18.6
43.0,522319.0,2019.0,7.42,10800.0,18.8,400.0,800.0,3.0,18.5
43.0,521912.0,2019.0,7.42,10800.0,18.8,400.0,800.0,3.0,18.5
44.6,583645.0,2019.0,7.88,15500.0,16.68,400.0,800.0,1.0,20.75
44.6,583054.0,2019.0,7.88,15500.0,16.68,400.0,800.0,1.0,20.75
44.6,558597.0,2019.0,7.88,15500.0,16.68,400.0,800.0,1.0,20.75
45.7,760007.0,2019.0,7.7,15700.0,17.3,1000.0,700.0,2.0,21.4
45.8,594150.0,2019.0,13.96,16800.0,9.0,1040.0,700.0,2.0,7.87
48.0,1082175.0,2019.0,8.17,17000.0,17.06,1040.0,960.0,2.0,28.1
48.0,875796.0,2019.0,8.17,17000.0,17.06,1040.0,960.0,2.0,28.1
48.0,875114.0,2019.0,8.17,17000.0,17.06,1040.0,960.0,2.0,28.1
56.0,1495000.0,2019.0,8.33,16900.0,20.63,1100.0,960.0,2.0,21.3
