Unnamed: 0,Make,Variant,"Length
(ft)",GeographicRegion,Country/Region/State,ListingPrice(USD),Year,Bea（船宽）,Displacement（排水量）,S.A./Disp.（帆面积与排水量之比）,燃料容量,水容量,RiggingType（索具类型）,astHeightfroDWL,经济总量(亿美元),经济增速(%),海岸线长度(千米),人口密度(人/km²),通货膨胀率(%)
0.0,1.0,1.0,41.0,1.0,1.0,267233.0,2005.0,4.32,10500.0,14.97,240.0,600.0,1.0,18.4,3038.8,2.3,3427.0,119.0,1.1
48.0,3.0,20.0,56.0,1.0,5.0,461603.0,2005.0,5.2,18600.0,18.98,480.0,1000.0,10.0,24.28,1391.8,2.0,4964.0,93.0,0.5
50.0,5.0,22.0,46.0,2.0,17.0,270000.0,2005.0,3.9,12500.0,16.3,340.0,800.0,11.0,17.83,,,,,
77.0,13.0,42.0,40.0,2.0,14.0,195000.0,2005.0,3.63,7560.0,20.08,189.0,162.0,15.0,19.0,3.0,3.9,1350.0,97.0,3.3
91.0,14.0,47.0,49.0,2.0,14.0,335000.0,2005.0,4.5,13000.0,17.15,240.0,620.0,13.0,19.48,3.0,3.9,1350.0,97.0,3.3
102.0,14.0,48.0,49.0,2.0,26.0,255000.0,2005.0,4.49,11900.0,17.28,240.0,700.0,1.0,19.5,0.6,4.4,4624.0,41.0,1.8
110.0,15.0,50.0,44.0,1.0,12.0,351047.0,2005.0,3.91,13000.0,17.59,400.0,400.0,21.0,18.21,902.3,3.0,451.0,508.0,1.3
111.0,15.0,51.0,46.0,1.0,21.0,393128.0,2005.0,4.33,16000.0,15.97,440.0,530.0,1.0,19.85,,,,,
112.0,16.0,52.0,48.0,2.0,14.0,479000.0,2005.0,4.42,14970.0,16.8,400.0,750.0,19.0,22.3,3.0,3.9,1350.0,97.0,3.3
114.0,18.0,54.0,53.0,1.0,5.0,399651.0,2005.0,4.75,18000.0,17.1,700.0,1000.0,22.0,22.25,1391.8,2.0,4964.0,93.0,0.5
122.0,21.0,57.0,40.0,1.0,12.0,200476.0,2005.0,3.81,8280.0,18.7,200.0,340.0,16.0,17.98,902.3,3.0,451.0,508.0,1.3
123.0,21.0,58.0,50.0,1.0,4.0,334042.0,2005.0,4.63,14000.0,21.09,400.0,600.0,2.0,24.5,1949.3,1.5,7600.0,202.0,0.7
124.0,22.0,29.0,44.0,1.0,1.0,358287.0,2006.0,4.1,14000.0,16.27,480.0,680.0,19.0,17.8,3038.8,2.3,3427.0,119.0,1.1
132.0,2.0,3.0,39.0,1.0,29.0,59520.0,2006.0,3.97,8300.0,16.36,210.0,360.0,3.0,17.75,54.2,4.4,46.0,103.0,1.2
173.0,3.0,16.0,47.0,2.0,33.0,299000.0,2006.0,4.31,12000.0,16.8,237.0,1000.0,8.0,17.9,,,,,
196.0,3.0,18.0,53.0,1.0,5.0,361980.0,2006.0,4.88,15500.0,15.09,450.0,1000.0,6.0,23.37,1391.8,2.0,4964.0,93.0,0.5
201.0,5.0,22.0,46.0,2.0,17.0,349000.0,2006.0,3.9,12500.0,16.3,340.0,800.0,11.0,17.83,,,,,
242.0,12.0,78.0,52.0,1.0,12.0,533252.0,2006.0,4.75,18597.0,14.74,757.0,1213.0,19.0,20.73,902.3,3.0,451.0,508.0,1.3
243.0,13.0,42.0,40.0,2.0,14.0,189000.0,2006.0,3.63,7560.0,20.08,189.0,162.0,15.0,19.0,3.0,3.9,1350.0,97.0,3.3
266.0,14.0,47.0,49.0,2.0,6.0,278165.0,2006.0,4.5,13000.0,17.15,240.0,620.0,13.0,19.48,1.1,4.6,1350.0,145.0,3.4
272.0,14.0,48.0,49.0,2.0,25.0,279900.0,2006.0,4.49,11900.0,17.28,240.0,700.0,1.0,19.5,,,,,
278.0,24.0,82.0,44.0,1.0,21.0,413104.0,2006.0,4.2,14200.0,16.49,500.0,600.0,19.0,18.6,,,,,
280.0,26.0,84.0,47.0,2.0,11.0,489000.0,2006.0,4.5,15000.0,15.5,700.0,900.0,11.0,19.5,0.4,1.9,5313.0,238.0,1.8
281.0,26.0,85.0,51.0,2.0,11.0,635000.0,2006.0,4.5,16000.0,14.88,800.0,900.0,19.0,19.5,0.4,1.9,5313.0,238.0,1.8
283.0,21.0,86.0,40.0,1.0,1.0,180990.0,2006.0,3.81,7900.0,19.5,200.0,320.0,12.0,18.8,3038.8,2.3,3427.0,119.0,1.1
284.0,21.0,86.0,40.0,1.0,4.0,212572.0,2006.0,3.81,7900.0,19.5,200.0,320.0,12.0,18.8,1949.3,1.5,7600.0,202.0,0.7
286.0,21.0,58.0,50.0,1.0,39.0,425144.0,2006.0,4.63,14000.0,21.09,400.0,600.0,2.0,24.5,534.2,1.8,66.0,382.0,0.7
287.0,21.0,35.0,50.0,1.0,37.0,358209.0,2006.0,4.57,15000.0,21.44,400.0,900.0,1.0,22.2,306.1,3.0,7314.0,137.0,0.8
288.0,21.0,58.0,50.0,1.0,1.0,388703.0,2006.0,4.63,14000.0,21.09,400.0,600.0,2.0,24.5,3038.8,2.3,3427.0,119.0,1.1
335.0,3.0,60.0,49.0,2.0,14.0,299900.0,2007.0,4.47,12695.0,21.5,400.0,570.0,4.0,20.0,3.0,3.9,1350.0,97.0,3.3
353.0,5.0,22.0,46.0,2.0,31.0,274000.0,2007.0,3.9,12500.0,16.3,340.0,800.0,11.0,17.83,,,,,
354.0,29.0,96.0,48.0,2.0,6.0,339950.0,2007.0,4.47,14780.0,16.2,725.0,900.0,19.0,18.59,1.1,4.6,1350.0,145.0,3.4
355.0,29.0,97.0,48.0,2.0,15.0,389900.0,2007.0,4.29,16300.0,15.52,675.0,1300.0,6.0,19.15,1.8,3.3,3359.0,113.0,2.8
389.0,9.0,33.0,43.0,1.0,19.0,224719.0,2007.0,4.2,9400.0,20.6,220.0,360.0,16.0,20.14,771.0,5.2,8333.0,107.0,14.6
399.0,9.0,20.0,55.0,1.0,4.0,473751.0,2007.0,4.91,21500.0,18.26,500.0,695.0,13.0,28.17,1949.3,1.5,7600.0,202.0,0.7
400.0,9.0,20.0,55.0,1.0,4.0,473732.0,2007.0,4.91,21500.0,18.26,500.0,695.0,13.0,28.17,1949.3,1.5,7600.0,202.0,0.7
416.0,12.0,78.0,52.0,2.0,14.0,447000.0,2007.0,4.75,18597.0,14.74,757.0,1213.0,19.0,20.73,3.0,3.9,1350.0,97.0,3.3
420.0,13.0,42.0,40.0,1.0,12.0,191363.0,2007.0,3.63,7560.0,20.08,189.0,162.0,15.0,19.0,902.3,3.0,451.0,508.0,1.3
474.0,15.0,116.0,40.0,1.0,4.0,425144.0,2007.0,3.86,10000.0,16.52,230.0,375.0,15.0,17.7,1949.3,1.5,7600.0,202.0,0.7
475.0,32.0,117.0,46.0,1.0,1.0,546613.0,2007.0,4.14,14500.0,17.69,220.0,397.0,2.0,19.0,3038.8,2.3,3427.0,119.0,1.1
476.0,33.0,54.0,53.0,1.0,21.0,646174.0,2007.0,4.88,22680.0,15.34,900.0,950.0,9.0,21.7,,,,,
478.0,34.0,22.0,42.0,1.0,4.0,206498.0,2007.0,4.07,8400.0,20.8,240.0,420.0,4.0,19.85,1949.3,1.5,7600.0,202.0,0.7
479.0,34.0,22.0,42.0,1.0,4.0,205284.0,2007.0,4.07,8400.0,20.8,240.0,420.0,4.0,19.85,1949.3,1.5,7600.0,202.0,0.7
480.0,34.0,54.0,53.0,1.0,4.0,388703.0,2007.0,4.73,13000.0,19.0,400.0,900.0,12.0,22.5,1949.3,1.5,7600.0,202.0,0.7
484.0,37.0,121.0,52.0,1.0,4.0,425161.0,2007.0,4.5,14000.0,16.8,280.0,600.0,32.0,22.3,1949.3,1.5,7600.0,202.0,0.7
485.0,37.0,121.0,52.0,1.0,4.0,425144.0,2007.0,4.5,14000.0,16.8,280.0,600.0,32.0,22.3,1949.3,1.5,7600.0,202.0,0.7
486.0,21.0,86.0,40.0,1.0,1.0,184634.0,2007.0,3.81,7900.0,19.5,200.0,320.0,12.0,18.8,3038.8,2.3,3427.0,119.0,1.1
487.0,21.0,86.0,40.0,1.0,4.0,182204.0,2007.0,3.81,7900.0,19.5,200.0,320.0,12.0,18.8,1949.3,1.5,7600.0,202.0,0.7
488.0,21.0,86.0,40.0,1.0,4.0,180990.0,2007.0,3.81,7900.0,19.5,200.0,320.0,12.0,18.8,1949.3,1.5,7600.0,202.0,0.7
490.0,21.0,74.0,41.0,1.0,2.0,224776.0,2007.0,3.95,8560.0,20.0,200.0,340.0,16.0,19.42,60.7,2.9,5835.0,73.0,1.4
491.0,21.0,74.0,41.0,1.0,2.0,206470.0,2007.0,3.95,8560.0,20.0,200.0,340.0,16.0,19.42,60.7,2.9,5835.0,73.0,1.4
494.0,21.0,123.0,55.0,1.0,4.0,570907.0,2007.0,4.97,18500.0,20.0,500.0,608.0,4.0,28.2,1949.3,1.5,7600.0,202.0,0.7
547.0,3.0,13.0,43.0,1.0,19.0,188278.0,2008.0,4.12,8600.0,16.31,200.0,360.0,1.0,17.4,771.0,5.2,8333.0,107.0,14.6
562.0,3.0,60.0,49.0,1.0,2.0,302472.0,2008.0,4.47,12695.0,21.5,400.0,570.0,4.0,20.0,60.7,2.9,5835.0,73.0,1.4
564.0,3.0,60.0,49.0,1.0,1.0,298827.0,2008.0,4.47,12695.0,21.5,400.0,570.0,4.0,20.0,3038.8,2.3,3427.0,119.0,1.1
568.0,3.0,60.0,49.0,1.0,4.0,309760.0,2008.0,4.47,12695.0,21.5,400.0,570.0,4.0,20.0,1949.3,1.5,7600.0,202.0,0.7
571.0,3.0,127.0,49.0,1.0,5.0,297613.0,2008.0,4.47,12400.0,21.1,400.0,630.0,3.0,22.3,1391.8,2.0,4964.0,93.0,0.5
577.0,3.0,18.0,53.0,1.0,2.0,425144.0,2008.0,4.88,15500.0,15.09,450.0,1000.0,6.0,23.37,60.7,2.9,5835.0,73.0,1.4
598.0,9.0,33.0,43.0,1.0,1.0,239295.0,2008.0,4.2,9400.0,20.6,220.0,360.0,16.0,20.14,3038.8,2.3,3427.0,119.0,1.1
599.0,9.0,33.0,43.0,1.0,1.0,224719.0,2008.0,4.2,9400.0,20.6,220.0,360.0,16.0,20.14,3038.8,2.3,3427.0,119.0,1.1
615.0,12.0,106.0,49.0,3.0,20.0,330000.0,2008.0,4.57,15000.0,15.46,757.0,757.0,30.0,17.98,1.5,-6.8,121.0,332.6,0.8
616.0,13.0,42.0,40.0,1.0,10.0,212572.0,2008.0,3.63,7560.0,20.08,189.0,162.0,15.0,19.0,16.5,5.9,196.0,1500.0,0.8
617.0,13.0,42.0,40.0,1.0,5.0,206498.0,2008.0,3.63,7560.0,20.08,189.0,162.0,15.0,19.0,1391.8,2.0,4964.0,93.0,0.5
618.0,13.0,42.0,40.0,1.0,5.0,204121.0,2008.0,3.63,7560.0,20.08,189.0,162.0,15.0,19.0,1391.8,2.0,4964.0,93.0,0.5
666.0,16.0,136.0,42.0,2.0,23.0,495000.0,2008.0,3.94,10432.0,19.4,130.0,300.0,25.0,17.68,,,,,
667.0,33.0,137.0,54.0,1.0,48.0,792729.0,2008.0,4.57,21500.0,15.1,1200.0,960.0,19.0,22.58,,,,,
668.0,26.0,138.0,47.0,2.0,25.0,524500.0,2008.0,4.57,17010.0,16.9,605.0,1200.0,11.0,19.3,,,,,
669.0,34.0,54.0,53.0,1.0,1.0,382629.0,2008.0,4.73,13000.0,19.0,400.0,900.0,12.0,22.5,3038.8,2.3,3427.0,119.0,1.1
670.0,34.0,54.0,53.0,1.0,19.0,364424.0,2008.0,4.73,13000.0,19.0,400.0,900.0,12.0,22.5,771.0,5.2,8333.0,107.0,14.6
671.0,34.0,54.0,53.0,1.0,19.0,297601.0,2008.0,4.73,13000.0,19.0,400.0,900.0,12.0,22.5,771.0,5.2,8333.0,107.0,14.6
672.0,38.0,137.0,54.0,1.0,12.0,727025.0,2008.0,4.62,20000.0,17.27,500.0,500.0,21.0,22.32,902.3,3.0,451.0,508.0,1.3
673.0,20.0,56.0,40.0,1.0,1.0,212383.0,2008.0,4.05,8900.0,19.4,200.0,480.0,23.0,17.4,3038.8,2.3,3427.0,119.0,1.1
674.0,21.0,139.0,41.0,1.0,4.0,218645.0,2008.0,3.5,7800.0,24.0,200.0,340.0,4.0,19.95,1949.3,1.5,7600.0,202.0,0.7
675.0,21.0,140.0,50.0,1.0,35.0,419070.0,2008.0,4.6,15000.0,23.08,300.0,600.0,1.0,22.0,538.2,2.5,3217.0,25.0,1.4
678.0,28.0,89.0,39.0,1.0,5.0,151876.0,2009.0,3.85,5900.0,26.3,150.0,200.0,28.0,17.7,1391.8,2.0,4964.0,93.0,0.5
679.0,28.0,89.0,39.0,1.0,5.0,151816.0,2009.0,3.85,5900.0,26.3,150.0,200.0,28.0,17.7,1391.8,2.0,4964.0,93.0,0.5
693.0,3.0,145.0,40.0,1.0,4.0,182204.0,2009.0,3.89,7900.0,20.2,130.0,330.0,25.0,18.9,1949.3,1.5,7600.0,202.0,0.7
695.0,3.0,144.0,40.0,1.0,5.0,182204.0,2009.0,3.89,7750.0,21.1,130.0,360.0,25.0,19.18,1391.8,2.0,4964.0,93.0,0.5
707.0,3.0,93.0,47.0,2.0,14.0,229000.0,2009.0,4.25,10300.0,16.45,200.0,530.0,3.0,18.17,3.0,3.9,1350.0,97.0,3.3
713.0,3.0,60.0,49.0,1.0,5.0,285465.0,2009.0,4.47,12695.0,21.5,400.0,570.0,4.0,20.0,1391.8,2.0,4964.0,93.0,0.5
735.0,39.0,72.0,38.0,1.0,54.0,207466.0,2009.0,3.68,5800.0,20.29,200.0,300.0,1.0,19.3,403.9,2.2,25148.0,15.0,1.9
736.0,4.0,65.0,38.0,2.0,38.0,165000.0,2009.0,3.66,6325.0,22.2,83.0,189.0,16.0,17.22,,,,,
750.0,12.0,78.0,52.0,1.0,28.0,564834.0,2009.0,4.75,18597.0,14.74,757.0,1213.0,19.0,20.73,3861.0,3.6,2389.0,240.0,2.5
795.0,40.0,154.0,44.0,1.0,56.0,484664.0,2009.0,4.1,16500.0,15.51,900.0,700.0,27.0,18.5,64.1,3.0,354.0,65.0,1.1
796.0,25.0,155.0,38.0,1.0,12.0,363209.0,2009.0,3.75,9300.0,16.79,250.0,480.0,19.0,17.6,902.3,3.0,451.0,508.0,1.3
797.0,33.0,137.0,54.0,1.0,21.0,692805.0,2009.0,4.57,21500.0,15.1,1200.0,960.0,19.0,22.58,,,,,
798.0,26.0,138.0,47.0,2.0,11.0,495000.0,2009.0,4.57,17010.0,16.9,605.0,1200.0,11.0,19.3,0.4,1.9,5313.0,238.0,1.8
800.0,42.0,157.0,48.0,1.0,4.0,388650.0,2009.0,4.5,12300.0,22.43,280.0,550.0,2.0,23.4,1949.3,1.5,7600.0,202.0,0.7
802.0,21.0,159.0,42.0,1.0,37.0,423539.0,2009.0,4.11,10900.0,20.98,200.0,330.0,3.0,19.7,306.1,3.0,7314.0,137.0,0.8
820.0,3.0,13.0,43.0,2.0,9.0,189000.0,2010.0,4.12,8600.0,16.31,200.0,360.0,1.0,17.4,0.3,1.1,618.0,738.0,1.6
845.0,7.0,163.0,40.0,1.0,13.0,190707.0,2010.0,3.89,7750.0,20.01,200.0,380.0,1.0,17.45,237.0,2.4,1793.0,112.0,0.5
855.0,9.0,35.0,49.0,1.0,4.0,546613.0,2010.0,4.57,14100.0,17.87,300.0,700.0,17.0,22.1,1949.3,1.5,7600.0,202.0,0.7
862.0,12.0,106.0,48.0,2.0,11.0,450000.0,2010.0,4.57,15000.0,15.46,757.0,757.0,30.0,17.98,0.4,1.9,5313.0,238.0,1.8
877.0,14.0,153.0,45.0,1.0,21.0,239849.0,2010.0,4.37,9900.0,17.7,200.0,400.0,4.0,19.2,,,,,
879.0,14.0,114.0,45.0,2.0,26.0,249000.0,2010.0,4.37,11500.0,17.39,240.0,610.0,10.0,18.06,0.6,4.4,4624.0,41.0,1.8
883.0,14.0,134.0,49.0,1.0,5.0,334042.0,2010.0,4.49,13920.0,16.21,240.0,615.0,1.0,19.0,1391.8,2.0,4964.0,93.0,0.5
900.0,44.0,169.0,45.0,1.0,3.0,394776.0,2010.0,4.74,16100.0,15.2,440.0,600.0,25.0,21.6,200.2,2.2,13676.0,81.0,0.6
901.0,33.0,137.0,54.0,2.0,11.0,615000.0,2010.0,4.57,21500.0,15.1,1200.0,960.0,19.0,22.58,0.4,1.9,5313.0,238.0,1.8
902.0,42.0,170.0,44.0,1.0,4.0,400850.0,2010.0,4.18,10300.0,23.4,280.0,400.0,4.0,21.8,1949.3,1.5,7600.0,202.0,0.7
903.0,37.0,137.0,54.0,1.0,10.0,479805.0,2010.0,4.38,14500.0,23.16,350.0,600.0,1.0,22.14,16.5,5.9,196.0,1500.0,0.8
904.0,21.0,159.0,42.0,1.0,28.0,419070.0,2010.0,4.11,10900.0,20.98,200.0,330.0,3.0,19.7,3861.0,3.6,2389.0,240.0,2.5
905.0,21.0,58.0,50.0,1.0,4.0,425086.0,2010.0,4.63,14000.0,21.09,400.0,600.0,2.0,24.5,1949.3,1.5,7600.0,202.0,0.7
939.0,3.0,144.0,40.0,1.0,5.0,179775.0,2011.0,3.89,7750.0,21.1,130.0,360.0,25.0,19.18,1391.8,2.0,4964.0,93.0,0.5
940.0,3.0,144.0,40.0,1.0,35.0,201732.0,2011.0,3.89,7750.0,21.1,130.0,360.0,25.0,19.18,538.2,2.5,3217.0,25.0,1.4
947.0,3.0,93.0,47.0,2.0,9.0,219000.0,2011.0,4.25,10300.0,16.45,200.0,530.0,3.0,18.17,0.3,1.1,618.0,738.0,1.6
956.0,3.0,61.0,49.0,1.0,35.0,309582.0,2011.0,4.82,13880.0,15.0,400.0,980.0,24.0,18.25,538.2,2.5,3217.0,25.0,1.4
967.0,7.0,176.0,44.0,1.0,1.0,236926.0,2011.0,4.35,10500.0,16.32,250.0,530.0,1.0,19.8,3038.8,2.3,3427.0,119.0,1.1
969.0,7.0,164.0,45.0,3.0,53.0,229578.0,2011.0,4.3,10400.0,18.22,250.0,450.0,1.0,21.4,6.7,-2.8,306.0,236.0,0.6
980.0,9.0,178.0,55.0,1.0,4.0,498045.0,2011.0,5.05,19500.0,17.15,450.0,600.0,2.0,26.6,1949.3,1.5,7600.0,202.0,0.7
981.0,9.0,20.0,55.0,1.0,4.0,498026.0,2011.0,4.91,21500.0,18.26,500.0,695.0,13.0,28.17,1949.3,1.5,7600.0,202.0,0.7
984.0,13.0,42.0,43.0,1.0,21.0,287721.0,2011.0,3.63,7560.0,20.08,189.0,162.0,15.0,19.0,,,,,
998.0,14.0,114.0,45.0,2.0,11.0,245000.0,2011.0,4.37,11500.0,17.39,240.0,610.0,10.0,18.06,0.4,1.9,5313.0,238.0,1.8
1024.0,16.0,136.0,42.0,2.0,22.0,497000.0,2011.0,3.94,10432.0,19.4,130.0,300.0,25.0,17.68,,,,,
1025.0,33.0,137.0,54.0,1.0,5.0,839360.0,2011.0,4.57,21500.0,15.1,1200.0,960.0,19.0,22.58,1391.8,2.0,4964.0,93.0,0.5
1026.0,45.0,181.0,46.0,2.0,14.0,509000.0,2011.0,4.14,13854.0,17.21,303.0,568.0,1.0,19.81,3.0,3.9,1350.0,97.0,3.3
1027.0,34.0,182.0,48.0,1.0,4.0,303674.0,2011.0,4.6,12000.0,22.17,280.0,780.0,3.0,22.6,1949.3,1.5,7600.0,202.0,0.7
1028.0,37.0,183.0,50.0,1.0,4.0,479805.0,2011.0,4.18,9900.0,23.81,300.0,400.0,1.0,23.0,1949.3,1.5,7600.0,202.0,0.7
1029.0,37.0,183.0,50.0,1.0,4.0,467658.0,2011.0,4.18,9900.0,23.81,300.0,400.0,1.0,23.0,1949.3,1.5,7600.0,202.0,0.7
1030.0,21.0,184.0,50.0,1.0,4.0,570907.0,2011.0,4.66,16700.0,17.6,460.0,680.0,16.0,22.97,1949.3,1.5,7600.0,202.0,0.7
1031.0,21.0,184.0,50.0,1.0,13.0,631642.0,2011.0,4.66,16700.0,17.6,460.0,680.0,16.0,22.97,237.0,2.4,1793.0,112.0,0.5
1056.0,3.0,185.0,40.0,2.0,23.0,199500.0,2012.0,4.2,8320.0,17.23,200.0,570.0,12.0,16.3,,,,,
1059.0,3.0,186.0,43.0,2.0,14.0,219000.0,2012.0,4.43,9900.0,16.55,200.0,520.0,3.0,19.2,3.0,3.9,1350.0,97.0,3.3
1069.0,3.0,188.0,46.0,1.0,1.0,321895.0,2012.0,4.43,11030.0,16.53,200.0,570.0,2.0,19.7,3038.8,2.3,3427.0,119.0,1.1
1073.0,3.0,190.0,49.0,2.0,14.0,399650.0,2012.0,4.86,14200.0,18.44,600.0,970.0,3.0,22.14,3.0,3.9,1350.0,97.0,3.3
1074.0,3.0,190.0,49.0,2.0,14.0,375000.0,2012.0,4.86,14200.0,18.44,600.0,970.0,3.0,22.14,3.0,3.9,1350.0,97.0,3.3
1076.0,3.0,190.0,49.0,1.0,1.0,423929.0,2012.0,4.86,14200.0,18.44,600.0,970.0,3.0,22.14,3038.8,2.3,3427.0,119.0,1.1
1077.0,3.0,190.0,49.0,1.0,1.0,326753.0,2012.0,4.86,14200.0,18.44,600.0,970.0,3.0,22.14,3038.8,2.3,3427.0,119.0,1.1
1078.0,3.0,190.0,49.0,1.0,1.0,326709.0,2012.0,4.86,14200.0,18.44,600.0,970.0,3.0,22.14,3038.8,2.3,3427.0,119.0,1.1
1092.0,9.0,193.0,40.0,3.0,43.0,267331.0,2012.0,3.8,7800.0,19.6,210.0,360.0,16.0,17.8,,,,,
1093.0,9.0,35.0,49.0,1.0,1.0,448223.0,2012.0,4.57,14100.0,17.87,300.0,700.0,17.0,22.1,3038.8,2.3,3427.0,119.0,1.1
1094.0,9.0,35.0,49.0,1.0,1.0,445794.0,2012.0,4.57,14100.0,17.87,300.0,700.0,17.0,22.1,3038.8,2.3,3427.0,119.0,1.1
1095.0,9.0,35.0,49.0,1.0,61.0,393034.0,2012.0,4.57,14100.0,17.87,300.0,700.0,17.0,22.1,,,,,
1097.0,14.0,179.0,40.0,2.0,47.0,189000.0,2012.0,3.99,7700.0,17.4,200.0,330.0,12.0,16.2,,,,,
1098.0,14.0,179.0,40.0,1.0,21.0,179937.0,2012.0,3.99,7700.0,17.4,200.0,330.0,12.0,16.2,,,,,
1099.0,14.0,179.0,40.0,1.0,21.0,179900.0,2012.0,3.99,7700.0,17.4,200.0,330.0,12.0,16.2,,,,,
1100.0,14.0,194.0,41.0,2.0,14.0,219000.0,2012.0,3.98,8900.0,18.14,200.0,330.0,2.0,17.6,3.0,3.9,1350.0,97.0,3.3
1102.0,14.0,79.0,42.0,2.0,11.0,195000.0,2012.0,4.11,8900.0,17.3,200.0,410.0,13.0,16.92,0.4,1.9,5313.0,238.0,1.8
1112.0,14.0,180.0,43.0,1.0,5.0,236866.0,2012.0,4.24,10800.0,18.19,200.0,530.0,10.0,19.05,1391.8,2.0,4964.0,93.0,0.5
1113.0,14.0,195.0,44.0,2.0,45.0,235000.0,2012.0,4.42,9900.0,17.1,200.0,400.0,24.0,16.8,,,,,
1114.0,14.0,195.0,44.0,2.0,49.0,249000.0,2012.0,4.42,9900.0,17.1,200.0,400.0,24.0,16.8,,,,,
1115.0,14.0,195.0,44.0,1.0,21.0,251808.0,2012.0,4.42,9900.0,17.1,200.0,400.0,24.0,16.8,,,,,
1117.0,14.0,196.0,46.0,1.0,5.0,241725.0,2012.0,4.49,10800.0,18.1,240.0,615.0,8.0,19.2,1391.8,2.0,4964.0,93.0,0.5
1120.0,14.0,197.0,50.0,2.0,23.0,349000.0,2012.0,4.69,13200.0,16.05,240.0,615.0,10.0,22.15,,,,,
1121.0,14.0,198.0,50.0,1.0,5.0,352351.0,2012.0,4.69,13935.0,19.61,240.0,640.0,1.0,21.55,1391.8,2.0,4964.0,93.0,0.5
1122.0,14.0,197.0,50.0,1.0,5.0,352276.0,2012.0,4.69,13200.0,16.05,240.0,615.0,10.0,22.15,1391.8,2.0,4964.0,93.0,0.5
1134.0,21.0,200.0,38.0,1.0,1.0,279391.0,2012.0,3.62,7900.0,27.94,200.0,300.0,1.0,19.99,3038.8,2.3,3427.0,119.0,1.1
1135.0,21.0,201.0,44.0,2.0,9.0,475000.0,2012.0,4.16,9700.0,25.2,200.0,340.0,14.0,20.3,0.3,1.1,618.0,738.0,1.6
1136.0,21.0,201.0,44.0,1.0,37.0,498026.0,2012.0,4.16,9700.0,25.2,200.0,340.0,14.0,20.3,306.1,3.0,7314.0,137.0,0.8
1137.0,21.0,202.0,50.0,1.0,1.0,716700.0,2012.0,4.5,14000.0,24.5,330.0,400.0,2.0,26.27,3038.8,2.3,3427.0,119.0,1.1
1138.0,21.0,202.0,50.0,1.0,1.0,716671.0,2012.0,4.5,14000.0,24.5,330.0,400.0,2.0,26.27,3038.8,2.3,3427.0,119.0,1.1
1139.0,21.0,202.0,50.0,1.0,4.0,607373.0,2012.0,4.5,14000.0,24.5,330.0,400.0,2.0,26.27,1949.3,1.5,7600.0,202.0,0.7
1140.0,21.0,184.0,50.0,1.0,4.0,546635.0,2012.0,4.66,16700.0,17.6,460.0,680.0,16.0,22.97,1949.3,1.5,7600.0,202.0,0.7
1160.0,3.0,204.0,40.0,2.0,14.0,220000.0,2013.0,4.2,8820.0,17.2,200.0,570.0,22.0,15.1,3.0,3.9,1350.0,97.0,3.3
1161.0,3.0,185.0,40.0,2.0,14.0,219500.0,2013.0,4.2,8320.0,17.23,200.0,570.0,12.0,16.3,3.0,3.9,1350.0,97.0,3.3
1163.0,3.0,185.0,40.0,2.0,6.0,210000.0,2013.0,4.2,8320.0,17.23,200.0,570.0,12.0,16.3,1.1,4.6,1350.0,145.0,3.4
1164.0,3.0,185.0,40.0,2.0,11.0,229000.0,2013.0,4.2,8320.0,17.23,200.0,570.0,12.0,16.3,0.4,1.9,5313.0,238.0,1.8
1165.0,3.0,185.0,40.0,2.0,23.0,219000.0,2013.0,4.2,8320.0,17.23,200.0,570.0,12.0,16.3,,,,,
1167.0,3.0,187.0,45.0,1.0,1.0,291527.0,2013.0,4.49,10812.0,17.42,200.0,330.0,13.0,19.13,3038.8,2.3,3427.0,119.0,1.1
1168.0,3.0,187.0,45.0,2.0,40.0,249000.0,2013.0,4.49,10812.0,17.42,200.0,330.0,13.0,19.13,,,,,
1171.0,3.0,189.0,48.0,2.0,26.0,359500.0,2013.0,4.74,12600.0,17.01,200.0,690.0,3.0,19.7,0.6,4.4,4624.0,41.0,1.8
1172.0,3.0,190.0,49.0,1.0,3.0,346988.0,2013.0,4.86,14200.0,18.44,600.0,970.0,3.0,22.14,200.2,2.2,13676.0,81.0,0.6
1173.0,3.0,190.0,49.0,1.0,3.0,321895.0,2013.0,4.86,14200.0,18.44,600.0,970.0,3.0,22.14,200.2,2.2,13676.0,81.0,0.6
1176.0,3.0,147.0,54.0,2.0,,479805.0,2013.0,4.9,16800.0,14.64,475.0,970.0,3.0,22.1,,,,,
1177.0,3.0,205.0,55.0,1.0,2.0,460370.0,2013.0,4.98,16200.0,17.1,400.0,694.0,16.0,24.98,60.7,2.9,5835.0,73.0,1.4
1182.0,7.0,209.0,40.0,2.0,11.0,220000.0,2013.0,4.2,8900.0,20.4,200.0,380.0,29.0,17.7,0.4,1.9,5313.0,238.0,1.8
1183.0,7.0,163.0,40.0,3.0,62.0,179000.0,2013.0,3.89,7750.0,20.01,200.0,380.0,1.0,17.45,,,,,
1187.0,7.0,176.0,44.0,1.0,5.0,240477.0,2013.0,4.35,10500.0,16.32,250.0,530.0,1.0,19.8,1391.8,2.0,4964.0,93.0,0.5
1191.0,7.0,212.0,49.0,3.0,41.0,358466.0,2013.0,4.77,13905.0,16.6,500.0,720.0,1.0,22.11,9.5,-7.2,350.0,346.6,1.1
1204.0,11.0,167.0,50.0,2.0,24.0,340000.0,2013.0,4.78,14500.0,16.06,757.0,757.0,2.0,20.73,,,,,
1207.0,14.0,179.0,40.0,2.0,23.0,184900.0,2013.0,3.99,7700.0,17.4,200.0,330.0,12.0,16.2,,,,,
1219.0,14.0,195.0,44.0,2.0,24.0,229000.0,2013.0,4.42,9900.0,17.1,200.0,400.0,24.0,16.8,,,,,
1224.0,14.0,196.0,46.0,1.0,4.0,230792.0,2013.0,4.49,10800.0,18.1,240.0,615.0,8.0,19.2,1949.3,1.5,7600.0,202.0,0.7
1225.0,14.0,196.0,46.0,1.0,5.0,262982.0,2013.0,4.49,10800.0,18.1,240.0,615.0,8.0,19.2,1391.8,2.0,4964.0,93.0,0.5
1232.0,14.0,134.0,49.0,1.0,1.0,303686.0,2013.0,4.49,13920.0,16.21,240.0,615.0,1.0,19.0,3038.8,2.3,3427.0,119.0,1.1
1233.0,14.0,197.0,50.0,1.0,1.0,334042.0,2013.0,4.69,13200.0,16.05,240.0,615.0,10.0,22.15,3038.8,2.3,3427.0,119.0,1.1
1240.0,40.0,22.0,42.0,1.0,5.0,479740.0,2013.0,3.5,14500.0,12.5,750.0,750.0,36.0,16.5,1391.8,2.0,4964.0,93.0,0.5
1241.0,41.0,219.0,39.0,1.0,1.0,333996.0,2013.0,4.35,11500.0,17.6,300.0,640.0,15.0,21.0,3038.8,2.3,3427.0,119.0,1.1
1242.0,41.0,219.0,39.0,1.0,1.0,285415.0,2013.0,4.35,11500.0,17.6,300.0,640.0,15.0,21.0,3038.8,2.3,3427.0,119.0,1.1
1255.0,2.0,203.0,40.0,1.0,4.0,180990.0,2014.0,3.96,8300.0,18.27,210.0,360.0,1.0,18.2,1949.3,1.5,7600.0,202.0,0.7
1258.0,2.0,222.0,42.0,1.0,3.0,218585.0,2014.0,4.29,9900.0,18.3,210.0,360.0,14.0,17.83,200.2,2.2,13676.0,81.0,0.6
1265.0,3.0,223.0,37.0,2.0,49.0,179000.0,2014.0,3.99,6790.0,18.45,130.0,330.0,1.0,15.6,,,,,
1266.0,3.0,223.0,38.0,2.0,23.0,187302.0,2014.0,3.99,6790.0,18.45,130.0,330.0,1.0,15.6,,,,,
1271.0,3.0,187.0,45.0,3.0,20.0,259000.0,2014.0,4.49,10812.0,17.42,200.0,330.0,13.0,19.13,1.5,-6.8,121.0,332.6,0.8
1272.0,3.0,187.0,45.0,1.0,4.0,241725.0,2014.0,4.49,10812.0,17.42,200.0,330.0,13.0,19.13,1949.3,1.5,7600.0,202.0,0.7
1275.0,3.0,187.0,45.0,2.0,23.0,295000.0,2014.0,4.49,10812.0,17.42,200.0,330.0,13.0,19.13,,,,,
1280.0,3.0,190.0,49.0,1.0,1.0,382629.0,2014.0,4.86,14200.0,18.44,600.0,970.0,3.0,22.14,3038.8,2.3,3427.0,119.0,1.1
1281.0,3.0,190.0,49.0,1.0,4.0,400850.0,2014.0,4.86,14200.0,18.44,600.0,970.0,3.0,22.14,1949.3,1.5,7600.0,202.0,0.7
1282.0,3.0,190.0,49.0,2.0,15.0,395000.0,2014.0,4.86,14200.0,18.44,600.0,970.0,3.0,22.14,1.8,3.3,3359.0,113.0,2.8
1283.0,3.0,190.0,49.0,1.0,19.0,315834.0,2014.0,4.86,14200.0,18.44,600.0,970.0,3.0,22.14,771.0,5.2,8333.0,107.0,14.6
1286.0,30.0,224.0,37.0,2.0,23.0,234000.0,2014.0,3.75,6900.0,20.8,150.0,300.0,12.0,17.5,,,,,
1287.0,7.0,209.0,40.0,1.0,2.0,206551.0,2014.0,4.2,8900.0,20.4,200.0,380.0,29.0,17.7,60.7,2.9,5835.0,73.0,1.4
1290.0,7.0,209.0,40.0,1.0,12.0,205754.0,2014.0,4.2,8900.0,20.4,200.0,380.0,29.0,17.7,902.3,3.0,451.0,508.0,1.3
1298.0,14.0,179.0,40.0,2.0,23.0,195124.0,2014.0,3.99,7700.0,17.4,200.0,330.0,12.0,16.2,,,,,
1300.0,14.0,180.0,43.0,1.0,3.0,230792.0,2014.0,4.24,10800.0,18.19,200.0,530.0,10.0,19.05,200.2,2.2,13676.0,81.0,0.6
1302.0,14.0,180.0,43.0,2.0,25.0,275000.0,2014.0,4.24,10800.0,18.19,200.0,530.0,10.0,19.05,,,,,
1304.0,14.0,180.0,43.0,2.0,38.0,279900.0,2014.0,4.24,10800.0,18.19,200.0,530.0,10.0,19.05,,,,,
1306.0,14.0,195.0,44.0,2.0,38.0,269900.0,2014.0,4.42,9900.0,17.1,200.0,400.0,24.0,16.8,,,,,
1307.0,14.0,196.0,46.0,1.0,2.0,242818.0,2014.0,4.49,10800.0,18.1,240.0,615.0,8.0,19.2,60.7,2.9,5835.0,73.0,1.4
1308.0,14.0,196.0,46.0,1.0,2.0,236744.0,2014.0,4.49,10800.0,18.1,240.0,615.0,8.0,19.2,60.7,2.9,5835.0,73.0,1.4
1317.0,14.0,196.0,46.0,1.0,21.0,293110.0,2014.0,4.49,10800.0,18.1,240.0,615.0,8.0,19.2,,,,,
1318.0,14.0,197.0,50.0,2.0,14.0,389000.0,2014.0,4.69,13200.0,16.05,240.0,615.0,10.0,22.15,3.0,3.9,1350.0,97.0,3.3
1320.0,14.0,168.0,53.0,2.0,14.0,440500.0,2014.0,4.77,15500.0,17.32,240.0,950.0,1.0,20.75,3.0,3.9,1350.0,97.0,3.3
1322.0,14.0,168.0,53.0,2.0,6.0,364800.0,2014.0,4.77,15500.0,17.32,240.0,950.0,1.0,20.75,1.1,4.6,1350.0,145.0,3.4
1325.0,18.0,228.0,42.0,1.0,21.0,379710.0,2014.0,4.22,12000.0,17.01,210.0,360.0,3.0,19.4,,,,,
1326.0,19.0,229.0,53.0,1.0,10.0,473732.0,2014.0,3.81,9072.0,22.2,190.0,450.0,19.0,18.9,16.5,5.9,196.0,1500.0,0.8
1327.0,21.0,201.0,44.0,1.0,19.0,516246.0,2014.0,4.16,9700.0,25.2,200.0,340.0,14.0,20.3,771.0,5.2,8333.0,107.0,14.6
1349.0,3.0,223.0,38.0,2.0,14.0,189900.0,2015.0,3.99,6790.0,18.45,130.0,330.0,1.0,15.6,3.0,3.9,1350.0,97.0,3.3
1354.0,3.0,185.0,40.0,1.0,2.0,205284.0,2015.0,4.2,8320.0,17.23,200.0,570.0,12.0,16.3,60.7,2.9,5835.0,73.0,1.4
1355.0,3.0,185.0,40.0,2.0,11.0,230000.0,2015.0,4.2,8320.0,17.23,200.0,570.0,12.0,16.3,0.4,1.9,5313.0,238.0,1.8
1358.0,3.0,185.0,40.0,2.0,24.0,219000.0,2015.0,4.2,8320.0,17.23,200.0,570.0,12.0,16.3,,,,,
1360.0,3.0,187.0,45.0,2.0,14.0,309900.0,2015.0,4.49,10812.0,17.42,200.0,330.0,13.0,19.13,3.0,3.9,1350.0,97.0,3.3
1365.0,3.0,189.0,48.0,1.0,1.0,340115.0,2015.0,4.74,12600.0,17.01,200.0,690.0,3.0,19.7,3038.8,2.3,3427.0,119.0,1.1
1368.0,3.0,190.0,49.0,2.0,15.0,399900.0,2015.0,4.86,14200.0,18.44,600.0,970.0,3.0,22.14,1.8,3.3,3359.0,113.0,2.8
1413.0,14.0,179.0,40.0,1.0,21.0,210526.0,2015.0,3.99,7700.0,17.4,200.0,330.0,12.0,16.2,,,,,
1417.0,14.0,241.0,47.0,2.0,6.0,299000.0,2015.0,4.49,10950.0,17.13,240.0,615.0,10.0,21.8,1.1,4.6,1350.0,145.0,3.4
1423.0,14.0,197.0,50.0,2.0,6.0,350000.0,2015.0,4.69,13200.0,16.05,240.0,615.0,10.0,22.15,1.1,4.6,1350.0,145.0,3.4
1431.0,14.0,168.0,53.0,2.0,26.0,389500.0,2015.0,4.77,15500.0,17.32,240.0,950.0,1.0,20.75,0.6,4.4,4624.0,41.0,1.8
1432.0,16.0,242.0,42.0,2.0,22.0,795000.0,2015.0,4.06,9296.0,20.7,180.0,320.0,4.0,20.12,,,,,
1433.0,33.0,243.0,54.0,1.0,21.0,1259040.0,2015.0,5.18,26580.0,17.12,1500.0,960.0,19.0,23.49,,,,,
1436.0,37.0,246.0,50.0,1.0,4.0,668083.0,2015.0,4.35,13000.0,19.8,300.0,700.0,4.0,21.2,1949.3,1.5,7600.0,202.0,0.7
1437.0,21.0,247.0,38.0,2.0,14.0,350000.0,2015.0,3.6,7500.0,23.97,200.0,340.0,1.0,18.95,3.0,3.9,1350.0,97.0,3.3
1438.0,21.0,201.0,44.0,1.0,10.0,516246.0,2015.0,4.16,9700.0,25.2,200.0,340.0,14.0,20.3,16.5,5.9,196.0,1500.0,0.8
1439.0,2.0,203.0,40.0,1.0,28.0,180990.0,2016.0,3.96,8300.0,18.27,210.0,360.0,1.0,18.2,3861.0,3.6,2389.0,240.0,2.5
1440.0,2.0,203.0,40.0,1.0,5.0,205256.0,2016.0,3.96,8300.0,18.27,210.0,360.0,1.0,18.2,1391.8,2.0,4964.0,93.0,0.5
1441.0,2.0,248.0,46.0,1.0,21.0,279720.0,2016.0,4.35,12600.0,16.0,210.0,360.0,12.0,19.05,,,,,
1446.0,3.0,223.0,38.0,3.0,50.0,119000.0,2016.0,3.99,6790.0,18.45,130.0,330.0,1.0,15.6,,,,,
1455.0,3.0,187.0,45.0,1.0,2.0,255052.0,2016.0,4.49,10812.0,17.42,200.0,330.0,13.0,19.13,60.7,2.9,5835.0,73.0,1.4
1457.0,3.0,187.0,45.0,3.0,41.0,321895.0,2016.0,4.49,10812.0,17.42,200.0,330.0,13.0,19.13,9.5,-7.2,350.0,346.6,1.1
1458.0,3.0,189.0,48.0,2.0,14.0,389000.0,2016.0,4.74,12600.0,17.01,200.0,690.0,3.0,19.7,3.0,3.9,1350.0,97.0,3.3
1459.0,3.0,189.0,48.0,2.0,15.0,375000.0,2016.0,4.74,12600.0,17.01,200.0,690.0,3.0,19.7,1.8,3.3,3359.0,113.0,2.8
1460.0,3.0,189.0,48.0,1.0,19.0,340115.0,2016.0,4.74,12600.0,17.01,200.0,690.0,3.0,19.7,771.0,5.2,8333.0,107.0,14.6
1461.0,3.0,189.0,48.0,2.0,24.0,397500.0,2016.0,4.74,12600.0,17.01,200.0,690.0,3.0,19.7,,,,,
1468.0,7.0,232.0,40.0,1.0,4.0,202827.0,2016.0,4.2,8740.0,21.15,200.0,380.0,2.0,18.95,1949.3,1.5,7600.0,202.0,0.7
1471.0,7.0,250.0,40.0,3.0,66.0,199900.0,2016.0,4.2,8950.0,17.68,200.0,380.0,1.0,16.4,,,,,
1472.0,7.0,233.0,46.0,1.0,2.0,241786.0,2016.0,4.5,11200.0,21.1,250.0,530.0,4.0,21.4,60.7,2.9,5835.0,73.0,1.4
1478.0,7.0,233.0,46.0,1.0,1.0,279380.0,2016.0,4.5,11200.0,21.1,250.0,530.0,4.0,21.4,3038.8,2.3,3427.0,119.0,1.1
1483.0,7.0,233.0,46.0,1.0,5.0,291527.0,2016.0,4.5,11200.0,21.1,250.0,530.0,4.0,21.4,1391.8,2.0,4964.0,93.0,0.5
1487.0,7.0,252.0,50.0,1.0,5.0,376556.0,2016.0,4.97,15800.0,15.2,500.0,720.0,22.0,21.25,1391.8,2.0,4964.0,93.0,0.5
1488.0,7.0,253.0,56.0,1.0,4.0,421500.0,2016.0,5.0,17970.0,16.69,500.0,730.0,1.0,26.0,1949.3,1.5,7600.0,202.0,0.7
1495.0,9.0,254.0,43.0,1.0,4.0,352276.0,2016.0,4.2,9900.0,18.1,200.0,360.0,4.0,19.5,1949.3,1.5,7600.0,202.0,0.7
1499.0,14.0,255.0,38.0,1.0,1.0,182192.0,2016.0,3.76,7700.0,17.08,130.0,200.0,1.0,15.02,3038.8,2.3,3427.0,119.0,1.1
1502.0,14.0,256.0,41.0,1.0,1.0,205284.0,2016.0,4.2,8950.0,17.08,200.0,330.0,3.0,16.65,3038.8,2.3,3427.0,119.0,1.1
1503.0,14.0,256.0,41.0,2.0,23.0,220000.0,2016.0,4.2,8950.0,17.08,200.0,330.0,3.0,16.65,,,,,
1504.0,14.0,256.0,41.0,1.0,19.0,199889.0,2016.0,4.2,8950.0,17.08,200.0,330.0,3.0,16.65,771.0,5.2,8333.0,107.0,14.6
1505.0,14.0,195.0,44.0,1.0,5.0,261160.0,2016.0,4.42,9900.0,17.1,200.0,400.0,24.0,16.8,1391.8,2.0,4964.0,93.0,0.5
1506.0,14.0,195.0,44.0,1.0,21.0,293043.0,2016.0,4.42,9900.0,17.1,200.0,400.0,24.0,16.8,,,,,
1508.0,14.0,257.0,45.0,1.0,1.0,230792.0,2016.0,4.24,10262.0,16.9,200.0,530.0,23.0,17.35,3038.8,2.3,3427.0,119.0,1.1
1509.0,14.0,257.0,45.0,1.0,1.0,224785.0,2016.0,4.24,10262.0,16.9,200.0,530.0,23.0,17.35,3038.8,2.3,3427.0,119.0,1.1
1510.0,14.0,257.0,45.0,1.0,21.0,261122.0,2016.0,4.24,10262.0,16.9,200.0,530.0,23.0,17.35,,,,,
1514.0,14.0,258.0,46.0,1.0,3.0,267233.0,2016.0,4.49,11040.0,17.1,240.0,618.0,23.0,21.7,200.2,2.2,13676.0,81.0,0.6
1518.0,14.0,259.0,51.0,1.0,3.0,363194.0,2016.0,4.69,14935.0,15.08,240.0,640.0,10.0,23.25,200.2,2.2,13676.0,81.0,0.6
1519.0,14.0,49.0,55.0,3.0,66.0,629000.0,2016.0,4.87,17700.0,17.09,410.0,930.0,5.0,21.1,,,,,
1520.0,14.0,49.0,55.0,2.0,17.0,600000.0,2016.0,4.87,17700.0,17.09,410.0,930.0,5.0,21.1,,,,,
1521.0,14.0,49.0,55.0,2.0,26.0,599999.0,2016.0,4.87,17700.0,17.09,410.0,930.0,5.0,21.1,0.6,4.4,4624.0,41.0,1.8
1522.0,32.0,260.0,50.0,1.0,4.0,1214531.0,2016.0,4.51,12800.0,22.03,300.0,320.0,1.0,23.6,1949.3,1.5,7600.0,202.0,0.7
1523.0,32.0,261.0,54.0,1.0,1.0,1579105.0,2016.0,4.76,20000.0,19.52,500.0,750.0,3.0,23.5,3038.8,2.3,3427.0,119.0,1.1
1525.0,20.0,263.0,48.0,1.0,21.0,757770.0,2016.0,4.77,15000.0,17.7,600.0,900.0,11.0,22.67,,,,,
1527.0,21.0,202.0,50.0,1.0,5.0,734921.0,2016.0,4.5,14000.0,24.5,330.0,400.0,2.0,26.27,1391.8,2.0,4964.0,93.0,0.5
1528.0,1.0,1.0,41.0,1.0,1.0,412941.0,2017.0,4.32,10500.0,14.97,240.0,600.0,1.0,18.4,3038.8,2.3,3427.0,119.0,1.1
1529.0,2.0,203.0,40.0,1.0,2.0,225722.0,2017.0,3.96,8300.0,18.27,210.0,360.0,1.0,18.2,60.7,2.9,5835.0,73.0,1.4
1530.0,2.0,203.0,40.0,1.0,2.0,217127.0,2017.0,3.96,8300.0,18.27,210.0,360.0,1.0,18.2,60.7,2.9,5835.0,73.0,1.4
1533.0,2.0,203.0,40.0,1.0,28.0,185849.0,2017.0,3.96,8300.0,18.27,210.0,360.0,1.0,18.2,3861.0,3.6,2389.0,240.0,2.5
1535.0,2.0,142.0,49.0,1.0,2.0,350744.0,2017.0,4.67,14500.0,16.16,280.0,560.0,5.0,21.75,60.7,2.9,5835.0,73.0,1.4
1536.0,2.0,142.0,49.0,1.0,2.0,342393.0,2017.0,4.67,14500.0,16.16,280.0,560.0,5.0,21.75,60.7,2.9,5835.0,73.0,1.4
1539.0,2.0,265.0,49.0,1.0,5.0,326418.0,2017.0,4.67,13490.0,17.5,280.0,650.0,1.0,20.53,1391.8,2.0,4964.0,93.0,0.5
1540.0,2.0,143.0,54.0,1.0,46.0,734791.0,2017.0,5.28,18600.0,15.12,660.0,800.0,1.0,24.2,6.6,2.1,4.0,19256.0,-0.6
1542.0,3.0,223.0,38.0,3.0,50.0,159000.0,2017.0,3.99,6790.0,18.45,130.0,330.0,1.0,15.6,,,,,
1550.0,3.0,187.0,45.0,1.0,2.0,285526.0,2017.0,4.49,10812.0,17.42,200.0,330.0,13.0,19.13,60.7,2.9,5835.0,73.0,1.4
1551.0,3.0,187.0,45.0,1.0,2.0,241786.0,2017.0,4.49,10812.0,17.42,200.0,330.0,13.0,19.13,60.7,2.9,5835.0,73.0,1.4
1552.0,3.0,187.0,45.0,1.0,4.0,278165.0,2017.0,4.49,10812.0,17.42,200.0,330.0,13.0,19.13,1949.3,1.5,7600.0,202.0,0.7
1555.0,3.0,187.0,45.0,2.0,26.0,349000.0,2017.0,4.49,10812.0,17.42,200.0,330.0,13.0,19.13,0.6,4.4,4624.0,41.0,1.8
1556.0,3.0,189.0,48.0,1.0,2.0,290324.0,2017.0,4.74,12600.0,17.01,200.0,690.0,3.0,19.7,60.7,2.9,5835.0,73.0,1.4
1558.0,39.0,269.0,42.0,1.0,5.0,546613.0,2017.0,3.82,7800.0,24.9,200.0,300.0,34.0,19.2,1391.8,2.0,4964.0,93.0,0.5
1561.0,7.0,233.0,46.0,1.0,3.0,243001.0,2017.0,4.5,11200.0,21.1,250.0,530.0,4.0,21.4,200.2,2.2,13676.0,81.0,0.6
1562.0,7.0,233.0,46.0,1.0,67.0,364409.0,2017.0,4.5,11200.0,21.1,250.0,530.0,4.0,21.4,170.3,5.2,0.0,105.0,3.1
1563.0,7.0,251.0,46.0,1.0,4.0,264804.0,2017.0,4.5,10750.0,16.4,250.0,530.0,16.0,19.2,1949.3,1.5,7600.0,202.0,0.7
1564.0,7.0,233.0,46.0,1.0,5.0,291527.0,2017.0,4.5,11200.0,21.1,250.0,530.0,4.0,21.4,1391.8,2.0,4964.0,93.0,0.5
1565.0,8.0,236.0,39.0,1.0,2.0,206490.0,2017.0,3.87,8300.0,18.77,190.0,220.0,34.0,17.15,60.7,2.9,5835.0,73.0,1.4
1567.0,8.0,271.0,39.0,1.0,4.0,206551.0,2017.0,3.91,8800.0,19.15,170.0,320.0,1.0,18.5,1949.3,1.5,7600.0,202.0,0.7
1577.0,23.0,272.0,56.0,1.0,10.0,722646.0,2017.0,5.2,20100.0,19.14,520.0,810.0,3.0,26.35,16.5,5.9,196.0,1500.0,0.8
1578.0,14.0,255.0,38.0,1.0,1.0,191922.0,2017.0,3.76,7700.0,17.08,130.0,200.0,1.0,15.02,3038.8,2.3,3427.0,119.0,1.1
1582.0,14.0,256.0,41.0,1.0,21.0,226487.0,2017.0,4.2,8950.0,17.08,200.0,330.0,3.0,16.65,,,,,
1586.0,14.0,258.0,46.0,1.0,2.0,334055.0,2017.0,4.49,11040.0,17.1,240.0,618.0,23.0,21.7,60.7,2.9,5835.0,73.0,1.4
1587.0,14.0,258.0,46.0,1.0,2.0,297601.0,2017.0,4.49,11040.0,17.1,240.0,618.0,23.0,21.7,60.7,2.9,5835.0,73.0,1.4
1588.0,14.0,273.0,51.0,1.0,1.0,406923.0,2017.0,4.69,14400.0,14.8,240.0,640.0,20.0,22.2,3038.8,2.3,3427.0,119.0,1.1
1589.0,14.0,259.0,51.0,1.0,1.0,360765.0,2017.0,4.69,14935.0,15.08,240.0,640.0,10.0,23.25,3038.8,2.3,3427.0,119.0,1.1
1590.0,14.0,259.0,51.0,1.0,3.0,354691.0,2017.0,4.69,14935.0,15.08,240.0,640.0,10.0,23.25,200.2,2.2,13676.0,81.0,0.6
1591.0,14.0,273.0,51.0,1.0,4.0,499619.0,2017.0,4.69,14400.0,14.8,240.0,640.0,20.0,22.2,1949.3,1.5,7600.0,202.0,0.7
1593.0,14.0,273.0,51.0,1.0,21.0,433003.0,2017.0,4.69,14400.0,14.8,240.0,640.0,20.0,22.2,,,,,
1594.0,14.0,259.0,51.0,2.0,24.0,450000.0,2017.0,4.69,14935.0,15.08,240.0,640.0,10.0,23.25,,,,,
1595.0,14.0,49.0,55.0,3.0,50.0,618000.0,2017.0,4.87,17700.0,17.09,410.0,930.0,5.0,21.1,,,,,
1596.0,14.0,49.0,55.0,2.0,11.0,579000.0,2017.0,4.87,17700.0,17.09,410.0,930.0,5.0,21.1,0.4,1.9,5313.0,238.0,1.8
1597.0,14.0,49.0,55.0,1.0,5.0,501081.0,2017.0,4.87,17700.0,17.09,410.0,930.0,5.0,21.1,1391.8,2.0,4964.0,93.0,0.5
1598.0,14.0,49.0,55.0,1.0,21.0,599687.0,2017.0,4.87,17700.0,17.09,410.0,930.0,5.0,21.1,,,,,
1599.0,14.0,49.0,55.0,1.0,21.0,512942.0,2017.0,4.87,17700.0,17.09,410.0,930.0,5.0,21.1,,,,,
1600.0,32.0,274.0,50.0,1.0,1.0,1311872.0,2017.0,4.48,17200.0,20.92,400.0,750.0,1.0,22.85,3038.8,2.3,3427.0,119.0,1.1
1601.0,20.0,263.0,48.0,1.0,1.0,691190.0,2017.0,4.77,15000.0,17.7,600.0,900.0,11.0,22.67,3038.8,2.3,3427.0,119.0,1.1
1602.0,20.0,263.0,48.0,1.0,1.0,642600.0,2017.0,4.77,15000.0,17.7,600.0,900.0,11.0,22.67,3038.8,2.3,3427.0,119.0,1.1
1603.0,21.0,202.0,50.0,1.0,4.0,727632.0,2017.0,4.5,14000.0,24.5,330.0,400.0,2.0,26.27,1949.3,1.5,7600.0,202.0,0.7
1605.0,2.0,203.0,40.0,3.0,50.0,229000.0,2018.0,3.96,8300.0,18.27,210.0,360.0,1.0,18.2,,,,,
1606.0,2.0,203.0,40.0,1.0,28.0,205256.0,2018.0,3.96,8300.0,18.27,210.0,360.0,1.0,18.2,3861.0,3.6,2389.0,240.0,2.5
1607.0,2.0,203.0,40.0,1.0,28.0,200425.0,2018.0,3.96,8300.0,18.27,210.0,360.0,1.0,18.2,3861.0,3.6,2389.0,240.0,2.5
1608.0,2.0,160.0,44.0,1.0,3.0,267301.0,2018.0,4.34,12000.0,17.41,210.0,360.0,13.0,19.25,200.2,2.2,13676.0,81.0,0.6
1609.0,2.0,275.0,45.0,1.0,2.0,334126.0,2018.0,4.49,12600.0,18.9,210.0,650.0,1.0,21.85,60.7,2.9,5835.0,73.0,1.4
1611.0,3.0,223.0,38.0,3.0,68.0,179000.0,2018.0,3.99,6790.0,18.45,130.0,330.0,1.0,15.6,1.9,1.0,386.0,17.0,-0.9
1618.0,3.0,268.0,40.0,1.0,3.0,212543.0,2018.0,4.2,8880.0,17.39,200.0,570.0,2.0,17.1,200.2,2.2,13676.0,81.0,0.6
1619.0,3.0,187.0,45.0,1.0,4.0,255052.0,2018.0,4.49,10812.0,17.42,200.0,330.0,13.0,19.13,1949.3,1.5,7600.0,202.0,0.7
1620.0,3.0,187.0,45.0,2.0,25.0,388000.0,2018.0,4.49,10812.0,17.42,200.0,330.0,13.0,19.13,,,,,
1622.0,3.0,276.0,51.0,1.0,4.0,479824.0,2018.0,4.8,13930.0,16.1,200.0,770.0,37.0,21.85,1949.3,1.5,7600.0,202.0,0.7
1623.0,3.0,276.0,51.0,1.0,4.0,394792.0,2018.0,4.8,13930.0,16.1,200.0,770.0,37.0,21.85,1949.3,1.5,7600.0,202.0,0.7
1624.0,3.0,277.0,51.0,1.0,19.0,655962.0,2018.0,4.8,14500.0,18.87,568.0,606.0,13.0,21.39,771.0,5.2,8333.0,107.0,14.6
1625.0,3.0,278.0,55.0,1.0,1.0,637716.0,2018.0,4.96,16900.0,15.67,400.0,694.0,1.0,23.33,3038.8,2.3,3427.0,119.0,1.1
1626.0,7.0,232.0,40.0,3.0,50.0,229000.0,2018.0,4.2,8740.0,21.15,200.0,380.0,2.0,18.95,,,,,
1628.0,7.0,233.0,46.0,1.0,28.0,399659.0,2018.0,4.5,11200.0,21.1,250.0,530.0,4.0,21.4,3861.0,3.6,2389.0,240.0,2.5
1629.0,7.0,233.0,46.0,1.0,4.0,372982.0,2018.0,4.5,11200.0,21.1,250.0,530.0,4.0,21.4,1949.3,1.5,7600.0,202.0,0.7
1630.0,7.0,233.0,46.0,1.0,19.0,255086.0,2018.0,4.5,11200.0,21.1,250.0,530.0,4.0,21.4,771.0,5.2,8333.0,107.0,14.6
1631.0,7.0,279.0,50.0,1.0,1.0,498026.0,2018.0,5.02,14600.0,18.34,500.0,720.0,1.0,21.4,3038.8,2.3,3427.0,119.0,1.1
1632.0,7.0,280.0,50.0,1.0,1.0,483449.0,2018.0,4.99,15900.0,16.32,500.0,720.0,14.0,23.6,3038.8,2.3,3427.0,119.0,1.1
1633.0,7.0,279.0,50.0,1.0,3.0,388703.0,2018.0,5.02,14600.0,18.34,500.0,720.0,1.0,21.4,200.2,2.2,13676.0,81.0,0.6
1634.0,7.0,279.0,50.0,1.0,4.0,338723.0,2018.0,5.02,14600.0,18.34,500.0,720.0,1.0,21.4,1949.3,1.5,7600.0,202.0,0.7
1635.0,7.0,280.0,50.0,1.0,10.0,425144.0,2018.0,4.99,15900.0,16.32,500.0,720.0,14.0,23.6,16.5,5.9,196.0,1500.0,0.8
1636.0,7.0,279.0,50.0,3.0,41.0,400996.0,2018.0,5.02,14600.0,18.34,500.0,720.0,1.0,21.4,9.5,-7.2,350.0,346.6,1.1
1638.0,8.0,237.0,44.0,2.0,6.0,375000.0,2018.0,4.37,12600.0,18.4,270.0,516.0,4.0,20.73,1.1,4.6,1350.0,145.0,3.4
1647.0,14.0,256.0,41.0,1.0,1.0,216216.0,2018.0,4.2,8950.0,17.08,200.0,330.0,3.0,16.65,3038.8,2.3,3427.0,119.0,1.1
1648.0,14.0,256.0,41.0,1.0,3.0,223829.0,2018.0,4.2,8950.0,17.08,200.0,330.0,3.0,16.65,200.2,2.2,13676.0,81.0,0.6
1653.0,14.0,258.0,46.0,1.0,3.0,242939.0,2018.0,4.49,11040.0,17.1,240.0,618.0,23.0,21.7,200.2,2.2,13676.0,81.0,0.6
1654.0,14.0,259.0,51.0,3.0,50.0,545950.0,2018.0,4.69,14935.0,15.08,240.0,640.0,10.0,23.25,,,,,
1655.0,14.0,259.0,51.0,1.0,4.0,325539.0,2018.0,4.69,14935.0,15.08,240.0,640.0,10.0,23.25,1949.3,1.5,7600.0,202.0,0.7
1657.0,14.0,259.0,51.0,2.0,15.0,499999.0,2018.0,4.69,14935.0,15.08,240.0,640.0,10.0,23.25,1.8,3.3,3359.0,113.0,2.8
1658.0,14.0,273.0,51.0,1.0,19.0,423929.0,2018.0,4.69,14400.0,14.8,240.0,640.0,20.0,22.2,771.0,5.2,8333.0,107.0,14.6
1659.0,14.0,49.0,55.0,1.0,1.0,649863.0,2018.0,4.87,17700.0,17.09,410.0,930.0,5.0,21.1,3038.8,2.3,3427.0,119.0,1.1
1660.0,14.0,49.0,55.0,2.0,11.0,575000.0,2018.0,4.87,17700.0,17.09,410.0,930.0,5.0,21.1,0.4,1.9,5313.0,238.0,1.8
1661.0,14.0,49.0,55.0,1.0,5.0,594010.0,2018.0,4.87,17700.0,17.09,410.0,930.0,5.0,21.1,1391.8,2.0,4964.0,93.0,0.5
1662.0,14.0,49.0,55.0,1.0,5.0,593926.0,2018.0,4.87,17700.0,17.09,410.0,930.0,5.0,21.1,1391.8,2.0,4964.0,93.0,0.5
1664.0,21.0,282.0,43.0,1.0,2.0,388718.0,2018.0,3.99,9600.0,23.27,200.0,303.0,34.0,19.0,60.7,2.9,5835.0,73.0,1.4
1665.0,2.0,203.0,40.0,1.0,28.0,205284.0,2019.0,3.96,8300.0,18.27,210.0,360.0,1.0,18.2,3861.0,3.6,2389.0,240.0,2.5
1666.0,2.0,160.0,44.0,1.0,5.0,394776.0,2019.0,4.34,12000.0,17.41,210.0,360.0,13.0,19.25,1391.8,2.0,4964.0,93.0,0.5
1667.0,2.0,275.0,45.0,1.0,28.0,320761.0,2019.0,4.49,12600.0,18.9,210.0,650.0,1.0,21.85,3861.0,3.6,2389.0,240.0,2.5
1668.0,2.0,275.0,45.0,1.0,28.0,301321.0,2019.0,4.49,12600.0,18.9,210.0,650.0,1.0,21.85,3861.0,3.6,2389.0,240.0,2.5
1669.0,2.0,142.0,49.0,1.0,28.0,321895.0,2019.0,4.67,14500.0,16.16,280.0,560.0,5.0,21.75,3861.0,3.6,2389.0,240.0,2.5
1670.0,3.0,266.0,38.0,2.0,14.0,254000.0,2019.0,3.99,6400.0,18.2,130.0,330.0,23.0,16.46,3.0,3.9,1350.0,97.0,3.3
1671.0,3.0,266.0,38.0,1.0,1.0,163984.0,2019.0,3.99,6400.0,18.2,130.0,330.0,23.0,16.46,3038.8,2.3,3427.0,119.0,1.1
1672.0,3.0,266.0,38.0,3.0,8.0,289000.0,2019.0,3.99,6400.0,18.2,130.0,330.0,23.0,16.46,1316.0,-8.5,9330.0,66.4,4.7
1673.0,3.0,187.0,45.0,2.0,14.0,459000.0,2019.0,4.49,10812.0,17.42,200.0,330.0,13.0,19.13,3.0,3.9,1350.0,97.0,3.3
1674.0,3.0,283.0,47.0,1.0,2.0,302459.0,2019.0,4.41,10938.0,16.5,200.0,370.0,25.0,20.6,60.7,2.9,5835.0,73.0,1.4
1675.0,3.0,93.0,47.0,1.0,3.0,285454.0,2019.0,4.25,10300.0,16.45,200.0,530.0,3.0,18.17,200.2,2.2,13676.0,81.0,0.6
1676.0,3.0,283.0,47.0,2.0,23.0,469000.0,2019.0,4.41,10938.0,16.5,200.0,370.0,25.0,20.6,,,,,
1677.0,3.0,283.0,47.0,1.0,5.0,467004.0,2019.0,4.41,10938.0,16.5,200.0,370.0,25.0,20.6,1391.8,2.0,4964.0,93.0,0.5
1679.0,3.0,276.0,51.0,1.0,1.0,510172.0,2019.0,4.8,13930.0,16.1,200.0,770.0,37.0,21.85,3038.8,2.3,3427.0,119.0,1.1
1680.0,3.0,276.0,51.0,1.0,1.0,363209.0,2019.0,4.8,13930.0,16.1,200.0,770.0,37.0,21.85,3038.8,2.3,3427.0,119.0,1.1
1681.0,3.0,276.0,51.0,1.0,3.0,443382.0,2019.0,4.8,13930.0,16.1,200.0,770.0,37.0,21.85,200.2,2.2,13676.0,81.0,0.6
1682.0,3.0,276.0,51.0,1.0,3.0,400850.0,2019.0,4.8,13930.0,16.1,200.0,770.0,37.0,21.85,200.2,2.2,13676.0,81.0,0.6
1683.0,3.0,278.0,55.0,1.0,1.0,759185.0,2019.0,4.96,16900.0,15.67,400.0,694.0,1.0,23.33,3038.8,2.3,3427.0,119.0,1.1
1684.0,3.0,278.0,55.0,1.0,1.0,704524.0,2019.0,4.96,16900.0,15.67,400.0,694.0,1.0,23.33,3038.8,2.3,3427.0,119.0,1.1
1685.0,7.0,284.0,39.0,1.0,2.0,217486.0,2019.0,3.98,7750.0,17.41,200.0,380.0,1.0,18.1,60.7,2.9,5835.0,73.0,1.4
1686.0,7.0,284.0,39.0,1.0,4.0,204121.0,2019.0,3.98,7750.0,17.41,200.0,380.0,1.0,18.1,1949.3,1.5,7600.0,202.0,0.7
1687.0,7.0,250.0,40.0,1.0,4.0,228363.0,2019.0,4.2,8950.0,17.68,200.0,380.0,1.0,16.4,1949.3,1.5,7600.0,202.0,0.7
1688.0,7.0,232.0,40.0,1.0,4.0,216187.0,2019.0,4.2,8740.0,21.15,200.0,380.0,2.0,18.95,1949.3,1.5,7600.0,202.0,0.7
1689.0,7.0,250.0,40.0,1.0,21.0,216502.0,2019.0,4.2,8950.0,17.68,200.0,380.0,1.0,16.4,,,,,
1690.0,7.0,285.0,43.0,1.0,2.0,239295.0,2019.0,4.3,10900.0,17.25,250.0,430.0,15.0,19.7,60.7,2.9,5835.0,73.0,1.4
1692.0,7.0,285.0,43.0,1.0,4.0,267233.0,2019.0,4.3,10900.0,17.25,250.0,430.0,15.0,19.7,1949.3,1.5,7600.0,202.0,0.7
1694.0,7.0,285.0,43.0,1.0,19.0,255086.0,2019.0,4.3,10900.0,17.25,250.0,430.0,15.0,19.7,771.0,5.2,8333.0,107.0,14.6
1695.0,7.0,251.0,46.0,2.0,14.0,469000.0,2019.0,4.5,10750.0,16.4,250.0,530.0,16.0,19.2,3.0,3.9,1350.0,97.0,3.3
1696.0,7.0,233.0,46.0,1.0,2.0,321895.0,2019.0,4.5,11200.0,21.1,250.0,530.0,4.0,21.4,60.7,2.9,5835.0,73.0,1.4
1697.0,7.0,251.0,46.0,1.0,4.0,321895.0,2019.0,4.5,10750.0,16.4,250.0,530.0,16.0,19.2,1949.3,1.5,7600.0,202.0,0.7
1698.0,7.0,233.0,46.0,1.0,19.0,327968.0,2019.0,4.5,11200.0,21.1,250.0,530.0,4.0,21.4,771.0,5.2,8333.0,107.0,14.6
1699.0,7.0,279.0,50.0,1.0,1.0,484664.0,2019.0,5.02,14600.0,18.34,500.0,720.0,1.0,21.4,3038.8,2.3,3427.0,119.0,1.1
1700.0,7.0,280.0,50.0,1.0,4.0,451806.0,2019.0,4.99,15900.0,16.32,500.0,720.0,14.0,23.6,1949.3,1.5,7600.0,202.0,0.7
1703.0,8.0,35.0,50.0,1.0,2.0,335256.0,2019.0,4.68,14900.0,17.29,250.0,600.0,1.0,23.55,60.7,2.9,5835.0,73.0,1.4
1705.0,14.0,255.0,39.0,3.0,50.0,189000.0,2019.0,3.76,7700.0,17.08,130.0,200.0,1.0,15.02,,,,,
1707.0,14.0,256.0,41.0,3.0,50.0,195000.0,2019.0,4.2,8950.0,17.08,200.0,330.0,3.0,16.65,,,,,
1708.0,14.0,256.0,41.0,2.0,14.0,297000.0,2019.0,4.2,8950.0,17.08,200.0,330.0,3.0,16.65,3.0,3.9,1350.0,97.0,3.3
1710.0,14.0,288.0,48.0,1.0,2.0,309760.0,2019.0,4.49,12800.0,17.57,240.0,720.0,1.0,20.75,60.7,2.9,5835.0,73.0,1.4
1711.0,14.0,288.0,48.0,1.0,2.0,309748.0,2019.0,4.49,12800.0,17.57,240.0,720.0,1.0,20.75,60.7,2.9,5835.0,73.0,1.4
1712.0,14.0,288.0,48.0,1.0,2.0,291527.0,2019.0,4.49,12800.0,17.57,240.0,720.0,1.0,20.75,60.7,2.9,5835.0,73.0,1.4
1713.0,14.0,288.0,48.0,1.0,42.0,423929.0,2019.0,4.49,12800.0,17.57,240.0,720.0,1.0,20.75,393.7,2.2,1448.0,71.0,0.2
1714.0,41.0,289.0,40.0,1.0,1.0,406868.0,2019.0,4.35,9000.0,20.57,270.0,600.0,1.0,19.15,3038.8,2.3,3427.0,119.0,1.1
1715.0,41.0,290.0,42.0,1.0,1.0,406923.0,2019.0,4.35,9000.0,21.28,300.0,400.0,1.0,20.7,3038.8,2.3,3427.0,119.0,1.1
1717.0,21.0,292.0,46.0,1.0,13.0,570907.0,2019.0,4.42,13000.0,19.4,360.0,460.0,29.0,21.8,237.0,2.4,1793.0,112.0,0.5
